,orientation_X,orientation_Y,orientation_Z,orientation_W,angular_velocity_X,angular_velocity_Y,angular_velocity_Z,linear_acceleration_X,linear_acceleration_Y,linear_acceleration_Z
0,0.0,0.0,0.42000653385700004,0.907521080481,0.0,0.0,0.0,0.0,0.0,0.0
1,0.0,0.0,0.42000653385700004,0.907521080481,0.0,0.0,0.0,0.0,0.0,0.0
2,0.0,0.0,0.42000653385700004,0.907521080481,0.0,0.0,0.0,0.0,0.0,0.0
3,0.0,0.0,0.42000653385700004,0.907521080481,0.0,0.0,0.0,0.0,0.0,0.0
4,0.0,0.0,0.42000653385700004,0.907521080481,0.0,0.0,0.0,0.0,0.0,0.0
5,0.0,0.0,0.42000653385700004,0.907521080481,0.0,0.0,0.0,0.0,0.0,0.0
6,0.0,0.0,0.42000653385700004,0.907521080481,0.0,0.0,0.0,0.0,0.0,0.0
7,0.0,0.0,0.42000653385700004,0.907521080481,0.0,0.0,0.0,0.0,0.0,0.0
8,0.0,0.0,0.42000653385700004,0.907521080481,0.0,0.0,0.0,0.0,0.0,0.0
9,0.0,0.0,0.42000653385700004,0.907521080481,0.0,0.0,0.0,0.0,0.0,0.0
10,0.0,0.0,0.42000653385700004,0.907521080481,0.0,0.0,0.0,0.0,0.0,0.0
11,0.0,0.0,0.42000653385700004,0.907521080481,0.0,0.0,0.0,0.0,0.0,0.0
12,0.0,0.0,0.42000653385700004,0.907521080481,0.0,0.0,0.0,0.0,0.0,0.0
13,0.0,0.0,0.42000653385700004,0.907521080481,0.0,0.0,0.0,0.0,0.0,0.0
14,0.0,0.0,0.42000653385700004,0.907521080481,0.0,0.0,0.0,0.0,0.0,0.0
15,0.0,0.0,0.42000653385700004,0.907521080481,0.0,0.0,0.0,0.0,0.0,0.0
16,0.0,0.0,0.42000653385700004,0.907521080481,0.0,0.0,0.0,0.0,0.0,0.0
17,0.0,0.0,0.42000653385700004,0.907521080481,0.0,0.0,0.0,0.0,0.0,0.0
18,0.0,0.0,0.42000653385700004,0.907521080481,0.0,0.0,0.0,0.0,0.0,0.0
19,0.0,0.0,0.42000653385700004,0.907521080481,0.0,0.0,0.0,0.0,0.0,0.0
20,0.0,0.0,0.42000653385700004,0.907521080481,0.0,0.0,0.0,0.0,0.0,0.0
21,0.0,0.0,0.42000653385700004,0.907521080481,0.0,0.0,0.0,0.0,0.0,0.0
22,0.0,0.0,0.42000653385700004,0.907521080481,0.0,0.0,0.0,0.0,0.0,0.0
23,0.0,0.0,0.42000653385700004,0.907521080481,0.0,0.0,0.0,0.0,0.0,0.0
24,0.0,0.0,0.42000653385700004,0.907521080481,0.0,0.0,0.0,0.0,0.0,0.0
25,0.0,0.0,0.42000653385700004,0.907521080481,0.0,0.0,0.0,0.0,0.0,0.0
26,0.0,0.0,0.42000653385700004,0.907521080481,0.0,0.0,0.0,0.0,0.0,0.0
27,0.0,0.0,0.42000653385700004,0.907521080481,0.0,0.0,0.0,0.0,0.0,0.0
28,0.0,0.0,0.42000653385700004,0.907521080481,0.0,0.0,-0.0013962634016,0.0,0.0,0.0
29,0.0,0.0,0.42000653385700004,0.907521080481,0.0,0.0,0.0020943951023900003,0.0,0.0,0.0
30,0.0,0.0,0.42000653385700004,0.907521080481,0.0,0.0,0.000698131700798,0.0,0.0,0.0
31,0.0,0.0,0.419531299378,0.907740870977,0.0,0.0,-0.0371755130675,0.0,0.0,0.0
32,0.0,0.0,0.419293639,0.907850672905,0.0,0.0,-0.033684854563500004,0.0,0.0,0.0
33,0.0,0.0,0.418421971866,0.9082527475650001,0.0,0.0,-0.011868238913600001,0.0,0.0,0.0
34,0.0,0.0,0.41810490636299996,0.9083987490500001,0.0,0.0,-0.0207694180987,0.0,0.0,0.0
35,0.0,0.0,0.418025632026,0.908435232127,0.0,0.0,-0.00366519142919,0.0,0.0,0.0
36,0.0,0.0,0.41810490636299996,0.9083987490500001,0.0,0.0,-0.0101229096616,0.0,0.0,0.0
37,0.0,0.0,0.41731201980599997,0.9087632684729999,0.0,0.0,-0.0205948851735,0.0,0.0,0.0
38,0.0,0.0,0.417787789915,0.908544639849,0.0,0.0,0.0197222205475,0.0,0.0,0.0
39,0.0,0.0,0.41762921259900004,0.908617543735,0.0,0.0,0.0013962634016,0.0,0.0,0.0
40,0.0,0.0,0.41786707380099997,0.908508177527,0.0,0.0,-0.010471975512,0.0,0.0,0.0
41,0.0,0.0,0.41715340434,0.908836089319,0.0,0.0,-0.023387411976700002,0.0,0.0,0.0
42,0.0,0.0,0.417232713662,0.908799682356,0.0,0.0,0.012391837689200002,0.0,0.0,0.0
43,0.0,0.0,0.416915457315,0.908945268678,0.0,0.0,-0.027052603405900003,0.0,0.0,0.0
44,0.0,0.0,0.416756810089,0.909018020308,0.0,0.0,-0.0034906585039899997,0.0,0.0,0.0
45,0.0,0.0,0.416756810089,0.909018020308,0.0,0.0,-0.00488692190558,0.0,0.0,0.0
46,0.0,0.0,0.41588402355099996,0.909417659249,0.0,0.0,-0.0303687289847,0.0,0.0,0.0
47,0.0,0.0,0.415725293894,0.909490230853,0.0,0.0,-0.012042771838799999,0.0,0.0,0.0
48,0.0,0.0,0.415328414356,0.909671538649,0.0,0.0,-0.009075712110370001,0.0,0.0,0.0
49,0.0,0.0,0.415328414356,0.909671538649,0.0,0.0,0.00488692190558,0.0,0.0,0.0
50,0.0,0.0,0.415328414356,0.909671538649,0.0,0.0,0.00977384381117,0.0,0.0,0.0
51,0.0,0.0,0.415407796592,0.9096352909440001,0.0,0.0,0.007853981633970001,0.0,0.0,0.0
52,0.0,0.0,0.41485205454199997,0.909888879393,0.0,0.0,-0.014660765716799999,0.0,0.0,0.0
53,0.0,0.0,0.414772650178,0.909925078599,0.0,0.0,-0.005759586531579999,0.0,0.0,0.0
54,0.0,0.0,0.41445500114399997,0.910069806128,0.0,0.0,-0.00157079632679,0.0,0.0,0.0
55,0.0,0.0,0.41405786884,0.9102505595999999,0.0,0.0,-0.0225147473507,0.0,0.0,0.0
56,0.0,0.0,0.413660657705,0.910431139772,0.0,0.0,-0.022340214425499997,0.0,0.0,0.0
57,0.0,0.0,0.413581206025,0.910467235008,0.0,0.0,0.00715584993318,0.0,0.0,0.0
58,0.0,0.0,0.413501751195,0.9105033233100001,0.0,0.0,-0.010471975512,0.0,0.0,0.0
59,0.0,0.0,0.412786516097,0.91082780597,0.0,0.0,-0.0171042266695,0.0,0.0,0.0
60,0.0,0.0,0.41270702980400004,0.910863824921,0.0,0.0,0.00174532925199,0.0,0.0,0.0
61,0.0,0.0,0.412548047791,0.9109358420129999,0.0,0.0,-0.00279252680319,0.0,0.0,0.0
62,0.0,0.0,0.412309551211,0.9110438156209999,0.0,0.0,-0.009075712110370001,0.0,0.0,0.0
63,0.0,0.0,0.41223004607,0.911079792948,0.0,0.0,-0.00680678408278,0.0,0.0,0.0
64,0.0,0.0,0.411991511814,0.9111876832979999,0.0,0.0,0.00837758040957,0.0,0.0,0.0
65,0.0,0.0,0.412071026371,0.911151726786,0.0,0.0,-0.00261799387799,0.0,0.0,0.0
66,0.0,0.0,0.41167342221600006,0.9113314399500001,0.0,0.0,-0.0136135681656,0.0,0.0,0.0
67,0.0,0.0,0.411593891978,0.911367361763,0.0,0.0,-0.0005235987755980001,0.0,0.0,0.0
68,0.0,0.0,0.411593891978,0.911367361763,0.0,0.0,0.00733038285838,0.0,0.0,0.0
69,0.0,0.0,0.411434822098,0.911439184567,0.0,0.0,-0.014660765716799999,0.0,0.0,0.0
70,0.0,0.0,0.411355282458,0.911475085558,0.0,0.0,0.00244346095279,0.0,0.0,0.0
71,0.0,0.0,0.411116644745,0.911582746883,0.0,0.0,-0.0181514242207,0.0,0.0,0.0
72,0.0,0.0,0.41095753728,0.9116544863889999,0.0,0.0,-0.0164060949687,0.0,0.0,0.0
73,0.0,0.0,0.41119619378100003,0.9115468667159999,0.0,0.0,-0.0005235987755980001,0.0,0.0,0.0
74,0.0,0.0,0.41095753728,0.9116544863889999,0.0,0.0,-0.0167551608191,0.0,0.0,0.0
75,0.0,0.0,0.41087797885399996,0.911690345728,0.0,0.0,-0.0132645023152,0.0,0.0,0.0
76,0.0,0.0,0.410639284801,0.911797882087,0.0,0.0,-0.00418879020479,0.0,0.0,0.0
77,0.0,0.0,0.410559713862,0.911833713653,0.0,0.0,-0.00244346095279,0.0,0.0,0.0
78,0.0,0.0,0.410559713862,0.911833713653,0.0,0.0,-0.012391837689200002,0.0,0.0,0.0
79,0.0,0.0,0.410320982287,0.911941166685,0.0,0.0,-0.0102974425868,0.0,0.0,0.0
80,0.0,0.0,0.410241398845,0.911976970473,0.0,0.0,-0.006632251157579999,0.0,0.0,0.0
81,0.0,0.0,0.410002629777,0.9120843401659999,0.0,0.0,-0.00837758040957,0.0,0.0,0.0
82,0.0,0.0,0.409763832607,0.9121916473459999,0.0,0.0,-0.00296705972839,0.0,0.0,0.0
83,0.0,0.0,0.409684227308,0.9122274025120001,0.0,0.0,0.00366519142919,0.0,0.0,0.0
84,0.0,0.0,0.40936577492200005,0.912370353707,0.0,0.0,-0.0193731546971,0.0,0.0,0.0
85,0.0,0.0,0.409047272655,0.9125131937309999,0.0,0.0,-0.009075712110370001,0.0,0.0,0.0
86,0.0,0.0,0.408808363244,0.912620250784,0.0,0.0,-0.0165806278939,0.0,0.0,0.0
87,0.0,0.0,0.408808363244,0.912620250784,0.0,0.0,0.005759586531579999,0.0,0.0,0.0
88,0.0,0.0,0.40872872054700005,0.912655922569,0.0,0.0,-0.0012217304764,0.0,0.0,0.0
89,0.0,0.0,0.408410118636,0.912798540202,0.0,0.0,-0.006632251157579999,0.0,0.0,0.0
90,0.0,0.0,0.40833046038099996,0.912834177233,0.0,0.0,-0.006981317007979999,0.0,0.0,0.0
91,0.0,0.0,0.408091466962,0.9129410466140001,0.0,0.0,-0.023387411976700002,0.0,0.0,0.0
92,0.0,0.0,0.408091466962,0.9129410466140001,0.0,0.0,0.0134390352404,0.0,0.0,0.0
93,0.0,0.0,0.408171134544,0.912905430439,0.0,0.0,-0.00645771823238,0.0,0.0,0.0
94,0.0,0.0,0.40793212247599997,0.913012258106,0.0,0.0,-0.0267035375555,0.0,0.0,0.0
95,0.0,0.0,0.407613396229,0.9131545976530001,0.0,0.0,-0.017278759594700002,0.0,0.0,0.0
96,0.0,0.0,0.407533706906,0.913190165155,0.0,0.0,-0.00471238898038,0.0,0.0,0.0
97,0.0,0.0,0.407454014479,0.913225725703,0.0,0.0,-0.0005235987755980001,0.0,0.0,0.0
98,0.0,0.0,0.407374318949,0.913261279296,0.0,0.0,-0.0179768912955,0.0,0.0,0.0
99,0.0,0.0,0.407135213747,0.913367898345,0.0,0.0,0.0034906585039899997,0.0,0.0,0.0
100,0.0,0.0,0.407214918582,0.913332365617,0.0,0.0,-0.00628318530718,0.0,0.0,0.0
101,0.0,0.0,0.406816363407,0.913509959696,0.0,0.0,-0.0286233997327,0.0,0.0,0.0
102,0.0,0.0,0.40665691964699996,0.9135809486319999,0.0,0.0,-0.000174532925199,0.0,0.0,0.0
103,0.0,0.0,0.406497463498,0.913651909739,0.0,0.0,-0.008901179185170001,0.0,0.0,0.0
104,0.0,0.0,0.406019020777,0.9138646260619999,0.0,0.0,-0.00837758040957,0.0,0.0,0.0
105,0.0,0.0,0.406098768964,0.913829190738,0.0,0.0,0.00715584993318,0.0,0.0,0.0
106,0.0,0.0,0.405859515128,0.9139354758299999,0.0,0.0,-0.005410520681180001,0.0,0.0,0.0
107,0.0,0.0,0.405620233474,0.9140416982809999,0.0,0.0,-0.00610865238198,0.0,0.0,0.0
108,0.0,0.0,0.405779757666,0.913970890274,0.0,0.0,0.00820304748437,0.0,0.0,0.0
109,0.0,0.0,0.405540466744,0.9140770918440001,0.0,0.0,-0.0195476876223,0.0,0.0,0.0
110,0.0,0.0,0.40546069692500003,0.9141124784450001,0.0,0.0,-0.0034906585039899997,0.0,0.0,0.0
111,0.0,0.0,0.40522136894599997,0.9142185964799999,0.0,0.0,0.000349065850399,0.0,0.0,0.0
112,0.0,0.0,0.40514158678,0.914253955234,0.0,0.0,-0.0160570291183,0.0,0.0,0.0
113,0.0,0.0,0.40498201319300003,0.914324651855,0.0,0.0,-0.013089969390000001,0.0,0.0,0.0
114,0.0,0.0,0.40498201319300003,0.914324651855,0.0,0.0,0.00453785605519,0.0,0.0,0.0
115,0.0,0.0,0.404662829014,0.914465961539,0.0,0.0,-0.00610865238198,0.0,0.0,0.0
116,0.0,0.0,0.404503218432,0.9145365745980001,0.0,0.0,-0.0232128790515,0.0,0.0,0.0
117,0.0,0.0,0.404263779458,0.914642441951,0.0,0.0,-0.028448866807499997,0.0,0.0,0.0
118,0.0,0.0,0.404263779458,0.914642441951,0.0,0.0,0.00593411945678,0.0,0.0,0.0
119,0.0,0.0,0.404263779458,0.914642441951,0.0,0.0,-0.00366519142919,0.0,0.0,0.0
120,0.0,0.0,0.404263779458,0.914642441951,0.0,0.0,0.0012217304764,0.0,0.0,0.0
121,0.0,0.0,0.403944484393,0.9147835009049999,0.0,0.0,-0.021816615649900003,0.0,0.0,0.0
122,0.0,0.0,0.403784818401,0.914853988584,0.0,0.0,-0.00488692190558,0.0,0.0,0.0
123,0.0,0.0,0.40354529635200004,0.9149596678499999,0.0,0.0,-0.000698131700798,0.0,0.0,0.0
124,0.0,0.0,0.40362514010899997,0.914924448395,0.0,0.0,0.011868238913600001,0.0,0.0,0.0
125,0.0,0.0,0.40346544952200003,0.9149948803360001,0.0,0.0,-0.0178023583703,0.0,0.0,0.0
126,0.0,0.0,0.403225890599,0.915100475986,0.0,0.0,0.0019198621771900001,0.0,0.0,0.0
127,0.0,0.0,0.40338559962,0.915030085855,0.0,0.0,-0.0033161255787899995,0.0,0.0,0.0
128,0.0,0.0,0.40282656431999997,0.9152763293549999,0.0,0.0,-0.0191986217719,0.0,0.0,0.0
129,0.0,0.0,0.402746689859,0.915311479119,0.0,0.0,-0.00157079632679,0.0,0.0,0.0
130,0.0,0.0,0.40258693173500004,0.915381757736,0.0,0.0,-0.00226892802759,0.0,0.0,0.0
131,0.0,0.0,0.402347271558,0.9154871233769999,0.0,0.0,0.0038397243543899996,0.0,0.0,0.0
132,0.0,0.0,0.402107583804,0.9155924262720001,0.0,0.0,-0.0134390352404,0.0,0.0,0.0
133,0.0,0.0,0.401947776656,0.9156625933399999,0.0,0.0,-0.0195476876223,0.0,0.0,0.0
134,0.0,0.0,0.401628125633,0.915802843794,0.0,0.0,-0.00645771823238,0.0,0.0,0.0
135,0.0,0.0,0.401628125633,0.915802843794,0.0,0.0,-0.00157079632679,0.0,0.0,0.0
136,0.0,0.0,0.40138835524800004,0.915907958406,0.0,0.0,0.0033161255787899995,0.0,0.0,0.0
137,0.0,0.0,0.401308425672,0.9159429826600001,0.0,0.0,-0.010821041362399999,0.0,0.0,0.0
138,0.0,0.0,0.400988676813,0.916083009922,0.0,0.0,-0.0160570291183,0.0,0.0,0.0
139,0.0,0.0,0.400908731963,0.916117999297,0.0,0.0,-0.005759586531579999,0.0,0.0,0.0
140,0.0,0.0,0.400748833103,0.9161879571170001,0.0,0.0,-0.025830872929500003,0.0,0.0,0.0
141,0.0,0.0,0.400588922036,0.9162578870290001,0.0,0.0,-0.00366519142919,0.0,0.0,0.0
142,0.0,0.0,0.400588922036,0.9162578870290001,0.0,0.0,0.00523598775598,0.0,0.0,0.0
143,0.0,0.0,0.400508961926,0.9162928415180001,0.0,0.0,0.00593411945678,0.0,0.0,0.0
144,0.0,0.0,0.40042899876599997,0.9163277890289999,0.0,0.0,-0.00977384381117,0.0,0.0,0.0
145,0.0,0.0,0.400349032557,0.916362729562,0.0,0.0,-0.007679448708779999,0.0,0.0,0.0
146,0.0,0.0,0.40026906329899997,0.916397663117,0.0,0.0,0.00471238898038,0.0,0.0,0.0
147,0.0,0.0,0.39994915579,0.9165373275450001,0.0,0.0,0.00157079632679,0.0,0.0,0.0
148,0.0,0.0,0.400029137237,0.9165024219069999,0.0,0.0,0.007679448708779999,0.0,0.0,0.0
149,0.0,0.0,0.39994915579,0.9165373275450001,0.0,0.0,-0.0249582083035,0.0,0.0,0.0
150,0.0,0.0,0.399469203165,0.9167466147869999,0.0,0.0,-0.005759586531579999,0.0,0.0,0.0
151,0.0,0.0,0.39970919317500003,0.916642002579,0.0,0.0,0.004014257279590001,0.0,0.0,0.0
152,0.0,0.0,0.39970919317500003,0.916642002579,0.0,0.0,-0.00855211333477,0.0,0.0,0.0
153,0.0,0.0,0.399469203165,0.9167466147869999,0.0,0.0,-0.00750491578358,0.0,0.0,0.0
154,0.0,0.0,0.399149173898,0.916885999989,0.0,0.0,-0.0202458193231,0.0,0.0,0.0
155,0.0,0.0,0.39906915898,0.9169208288349999,0.0,0.0,-0.008901179185170001,0.0,0.0,0.0
156,0.0,0.0,0.398909120029,0.9169904655760001,0.0,0.0,0.00279252680319,0.0,0.0,0.0
157,0.0,0.0,0.398909120029,0.9169904655760001,0.0,0.0,0.0033161255787899995,0.0,0.0,0.0
158,0.0,0.0,0.398909120029,0.9169904655760001,0.0,0.0,0.00680678408278,0.0,0.0,0.0
159,0.0,0.0,0.39858900567500005,0.917129655259,0.0,0.0,-0.00418879020479,0.0,0.0,0.0
160,0.0,0.0,0.39842893028399995,0.917199208195,0.0,0.0,-0.015533430342700001,0.0,0.0,0.0
161,0.0,0.0,0.398348888036,0.917233974186,0.0,0.0,-0.007853981633970001,0.0,0.0,0.0
162,0.0,0.0,0.398348888036,0.917233974186,0.0,0.0,0.009250245035569999,0.0,0.0,0.0
163,0.0,0.0,0.398348888036,0.917233974186,0.0,0.0,-0.00244346095279,0.0,0.0,0.0
164,0.0,0.0,0.39786857086800004,0.9174424234340001,0.0,0.0,-0.022863813201099998,0.0,0.0,0.0
165,0.0,0.0,0.397548298815,0.917581249868,0.0,0.0,-0.027052603405900003,0.0,0.0,0.0
166,0.0,0.0,0.397308062984,0.917685296323,0.0,0.0,-0.00523598775598,0.0,0.0,0.0
167,0.0,0.0,0.39722797832199996,0.917719964498,0.0,0.0,0.007679448708779999,0.0,0.0,0.0
168,0.0,0.0,0.39706779992299995,0.9177892798810001,0.0,0.0,-0.0132645023152,0.0,0.0,0.0
169,0.0,0.0,0.39698770618699997,0.9178239270890001,0.0,0.0,0.00837758040957,0.0,0.0,0.0
170,0.0,0.0,0.396747406843,0.917927826772,0.0,0.0,-0.0230383461263,0.0,0.0,0.0
171,0.0,0.0,0.39658719217200006,0.9179970582770001,0.0,0.0,-0.00279252680319,0.0,0.0,0.0
172,0.0,0.0,0.396667301018,0.9179624460200001,0.0,0.0,0.00453785605519,0.0,0.0,0.0
173,0.0,0.0,0.396426965421,0.918066261817,0.0,0.0,-0.00994837673637,0.0,0.0,0.0
174,0.0,0.0,0.396507080307,0.918031663543,0.0,0.0,0.0020943951023900003,0.0,0.0,0.0
175,0.0,0.0,0.396426965421,0.918066261817,0.0,0.0,-0.014137166941200001,0.0,0.0,0.0
176,0.0,0.0,0.396026345721,0.918239148313,0.0,0.0,0.0013962634016,0.0,0.0,0.0
177,0.0,0.0,0.39594621273100006,0.9182737046349999,0.0,0.0,-0.00872664625997,0.0,0.0,0.0
178,0.0,0.0,0.39594621273100006,0.9182737046349999,0.0,0.0,0.00226892802759,0.0,0.0,0.0
179,0.0,0.0,0.39562565062399996,0.918411859989,0.0,0.0,-0.009075712110370001,0.0,0.0,0.0
180,0.0,0.0,0.39562565062399996,0.918411859989,0.0,0.0,-0.007679448708779999,0.0,0.0,0.0
181,0.0,0.0,0.39562565062399996,0.918411859989,0.0,0.0,0.00157079632679,0.0,0.0,0.0
182,0.0,0.0,0.39570579567100006,0.9183773316410001,0.0,0.0,0.00733038285838,0.0,0.0,0.0
183,0.0,0.0,0.39530504030999997,0.9185499034379999,0.0,0.0,-0.0134390352404,0.0,0.0,0.0
184,0.0,0.0,0.39514471708899995,0.9186188831919999,0.0,0.0,-0.0193731546971,0.0,0.0,0.0
185,0.0,0.0,0.39490420968900003,0.918722300355,0.0,0.0,-0.0129154364648,0.0,0.0,0.0
186,0.0,0.0,0.39498438183,0.918687834964,0.0,0.0,0.00523598775598,0.0,0.0,0.0
187,0.0,0.0,0.39474385638400006,0.918791210149,0.0,0.0,-0.007679448708779999,0.0,0.0,0.0
188,0.0,0.0,0.39450330388300003,0.918894522361,0.0,0.0,-0.023387411976700002,0.0,0.0,0.0
189,0.0,0.0,0.39426272434299997,0.918997771593,0.0,0.0,0.0020943951023900003,0.0,0.0,0.0
190,0.0,0.0,0.394182525157,0.919032174007,0.0,0.0,0.0020943951023900003,0.0,0.0,0.0
191,0.0,0.0,0.394022117781,0.9191009578389999,0.0,0.0,-0.009599310885969999,0.0,0.0,0.0
192,0.0,0.0,0.393781484212,0.919204081089,0.0,0.0,-0.0005235987755980001,0.0,0.0,0.0
193,0.0,0.0,0.393861698401,0.9191697136720001,0.0,0.0,-0.009599310885969999,0.0,0.0,0.0
194,0.0,0.0,0.393861698401,0.9191697136720001,0.0,0.0,0.00715584993318,0.0,0.0,0.0
195,0.0,0.0,0.393781484212,0.919204081089,0.0,0.0,-0.00314159265359,0.0,0.0,0.0
196,0.0,0.0,0.393621046838,0.9192727949230001,0.0,0.0,-0.014137166941200001,0.0,0.0,0.0
197,0.0,0.0,0.39346059747400003,0.9193414807539999,0.0,0.0,-0.00366519142919,0.0,0.0,0.0
198,0.0,0.0,0.393781484212,0.919204081089,0.0,0.0,0.0,0.0,0.0,0.0
199,0.0,0.0,0.393621046838,0.9192727949230001,0.0,0.0,-0.0237364778271,0.0,0.0,0.0
200,0.0,0.0,0.393219900956,0.9194444569910001,0.0,0.0,0.00418879020479,0.0,0.0,0.0
201,0.0,0.0,0.393059421637,0.919513072807,0.0,0.0,-0.022863813201099998,0.0,0.0,0.0
202,0.0,0.0,0.392898930345,0.919581660612,0.0,0.0,-0.0205948851735,0.0,0.0,0.0
203,0.0,0.0,0.39281868021099997,0.9196159440100001,0.0,0.0,0.00244346095279,0.0,0.0,0.0
204,0.0,0.0,0.39281868021099997,0.9196159440100001,0.0,0.0,-0.00558505360638,0.0,0.0,0.0
205,0.0,0.0,0.39273842708499995,0.919650220405,0.0,0.0,-0.007679448708779999,0.0,0.0,0.0
206,0.0,0.0,0.39241738467799997,0.919787255947,0.0,0.0,-0.00418879020479,0.0,0.0,0.0
207,0.0,0.0,0.39241738467799997,0.919787255947,0.0,0.0,0.0034906585039899997,0.0,0.0,0.0
208,0.0,0.0,0.39233711660400006,0.9198214973219999,0.0,0.0,-0.0150098315672,0.0,0.0,0.0
209,0.0,0.0,0.392096294456,0.9199241794159999,0.0,0.0,-0.0038397243543899996,0.0,0.0,0.0
210,0.0,0.0,0.391935731427,0.9199925991169999,0.0,0.0,0.004363323129989999,0.0,0.0,0.0
211,0.0,0.0,0.391935731427,0.9199925991169999,0.0,0.0,-0.0249582083035,0.0,0.0,0.0
212,0.0,0.0,0.391534271632,0.9201635257590001,0.0,0.0,-0.00593411945678,0.0,0.0,0.0
213,0.0,0.0,0.391614569557,0.920129354445,0.0,0.0,0.00628318530718,0.0,0.0,0.0
214,0.0,0.0,0.391534271632,0.9201635257590001,0.0,0.0,-0.00244346095279,0.0,0.0,0.0
215,0.0,0.0,0.391293359969,0.920265997657,0.0,0.0,0.0,0.0,0.0,0.0
216,0.0,0.0,0.39121305012100005,0.920300140941,0.0,0.0,-0.014137166941200001,0.0,0.0,0.0
217,0.0,0.0,0.39121305012100005,0.920300140941,0.0,0.0,0.00279252680319,0.0,0.0,0.0
218,0.0,0.0,0.39121305012100005,0.920300140941,0.0,0.0,-0.00593411945678,0.0,0.0,0.0
219,0.0,0.0,0.39097210270300004,0.920402528738,0.0,0.0,-0.023561944901900004,0.0,0.0,0.0
220,0.0,0.0,0.390891780942,0.920436643986,0.0,0.0,0.0109955742876,0.0,0.0,0.0
221,0.0,0.0,0.390891780942,0.920436643986,0.0,0.0,-0.0165806278939,0.0,0.0,0.0
222,0.0,0.0,0.390731128489,0.9205048534520001,0.0,0.0,-0.0157079632679,0.0,0.0,0.0
223,0.0,0.0,0.39057046413400004,0.920573034879,0.0,0.0,0.0005235987755980001,0.0,0.0,0.0
224,0.0,0.0,0.390409787882,0.9206411882629999,0.0,0.0,-0.0116937059884,0.0,0.0,0.0
225,0.0,0.0,0.390249099737,0.920709313603,0.0,0.0,-0.011344640138,0.0,0.0,0.0
226,0.0,0.0,0.390249099737,0.920709313603,0.0,0.0,-0.00523598775598,0.0,0.0,0.0
227,0.0,0.0,0.390249099737,0.920709313603,0.0,0.0,0.00279252680319,0.0,0.0,0.0
228,0.0,0.0,0.390168751206,0.9207433657549999,0.0,0.0,-0.014311699866400001,0.0,0.0,0.0
229,0.0,0.0,0.389686597645,0.9209475314129999,0.0,0.0,-0.0132645023152,0.0,0.0,0.0
230,0.0,0.0,0.389606228328,0.9209815344769999,0.0,0.0,-0.00837758040957,0.0,0.0,0.0
231,0.0,0.0,0.38952585604400003,0.921015530528,0.0,0.0,0.00628318530718,0.0,0.0,0.0
232,0.0,0.0,0.389365102578,0.921083501586,0.0,0.0,-0.0178023583703,0.0,0.0,0.0
233,0.0,0.0,0.389043560067,0.921219359529,0.0,0.0,-0.0101229096616,0.0,0.0,0.0
234,0.0,0.0,0.38888277103299995,0.921287246408,0.0,0.0,-0.0150098315672,0.0,0.0,0.0
235,0.0,0.0,0.38896316703100003,0.9212533064759999,0.0,0.0,0.000349065850399,0.0,0.0,0.0
236,0.0,0.0,0.38888277103299995,0.921287246408,0.0,0.0,-0.00261799387799,0.0,0.0,0.0
237,0.0,0.0,0.38872197015199994,0.921355105223,0.0,0.0,-0.0033161255787899995,0.0,0.0,0.0
238,0.0,0.0,0.38872197015199994,0.921355105223,0.0,0.0,0.0132645023152,0.0,0.0,0.0
239,0.0,0.0,0.38848074663099996,0.921456840821,0.0,0.0,-0.020943951023900002,0.0,0.0,0.0
240,0.0,0.0,0.38840033287299996,0.921490738653,0.0,0.0,0.00314159265359,0.0,0.0,0.0
241,0.0,0.0,0.38848074663099996,0.921456840821,0.0,0.0,-0.0034906585039899997,0.0,0.0,0.0
242,0.0,0.0,0.38840033287299996,0.921490738653,0.0,0.0,-0.00610865238198,0.0,0.0,0.0
243,0.0,0.0,0.38840033287299996,0.921490738653,0.0,0.0,0.004014257279590001,0.0,0.0,0.0
244,0.0,0.0,0.387917788232,0.9216939782670001,0.0,0.0,-0.0275762021815,0.0,0.0,0.0
245,0.0,0.0,0.387756916378,0.921761668655,0.0,0.0,-0.0164060949687,0.0,0.0,0.0
246,0.0,0.0,0.387917788232,0.9216939782670001,0.0,0.0,0.00872664625997,0.0,0.0,0.0
247,0.0,0.0,0.387596032713,0.9218293309639999,0.0,0.0,-0.0136135681656,0.0,0.0,0.0
248,0.0,0.0,0.387515586452,0.9218631515889999,0.0,0.0,-0.00314159265359,0.0,0.0,0.0
249,0.0,0.0,0.38743513724,0.921896965193,0.0,0.0,-0.005410520681180001,0.0,0.0,0.0
250,0.0,0.0,0.387676476022,0.921795503319,0.0,0.0,-0.0034906585039899997,0.0,0.0,0.0
251,0.0,0.0,0.387596032713,0.9218293309639999,0.0,0.0,-0.00733038285838,0.0,0.0,0.0
252,0.0,0.0,0.387113310895,0.9220321494,0.0,0.0,-0.014311699866400001,0.0,0.0,0.0
253,0.0,0.0,0.387032846937,0.9220659278990001,0.0,0.0,-0.00855211333477,0.0,0.0,0.0
254,0.0,0.0,0.386952380031,0.922099699375,0.0,0.0,0.011344640138,0.0,0.0,0.0
255,0.0,0.0,0.38687191017899997,0.9221334638299998,0.0,0.0,-0.00628318530718,0.0,0.0,0.0
256,0.0,0.0,0.38679143738099997,0.922167221261,0.0,0.0,0.0012217304764,0.0,0.0,0.0
257,0.0,0.0,0.386469516737,0.9223021807590001,0.0,0.0,0.00628318530718,0.0,0.0,0.0
258,0.0,0.0,0.386630482948,0.922234715057,0.0,0.0,0.014311699866400001,0.0,0.0,0.0
259,0.0,0.0,0.386630482948,0.922234715057,0.0,0.0,-0.012217304764,0.0,0.0,0.0
260,0.0,0.0,0.386308538754,0.9223696183660001,0.0,0.0,-0.011344640138,0.0,0.0,0.0
261,0.0,0.0,0.386469516737,0.9223021807590001,0.0,0.0,-0.000872664625997,0.0,0.0,0.0
262,0.0,0.0,0.386147549004,0.922437027877,0.0,0.0,-0.0038397243543899996,0.0,0.0,0.0
263,0.0,0.0,0.38622804534999994,0.9224033266339999,0.0,0.0,-0.009075712110370001,0.0,0.0,0.0
264,0.0,0.0,0.38574502317599996,0.922605428715,0.0,0.0,-0.0165806278939,0.0,0.0,0.0
265,0.0,0.0,0.38582553421899995,0.9225717625990001,0.0,0.0,0.013788101090799998,0.0,0.0,0.0
266,0.0,0.0,0.385906042324,0.922538089456,0.0,0.0,-0.0109955742876,0.0,0.0,0.0
267,0.0,0.0,0.38542294963299994,0.9227400229189999,0.0,0.0,-0.00680678408278,0.0,0.0,0.0
268,0.0,0.0,0.38542294963299994,0.9227400229189999,0.0,0.0,0.006632251157579999,0.0,0.0,0.0
269,0.0,0.0,0.385342423908,0.922773653903,0.0,0.0,-0.0013962634016,0.0,0.0,0.0
270,0.0,0.0,0.38526189524800003,0.922807277859,0.0,0.0,-0.010646508437200001,0.0,0.0,0.0
271,0.0,0.0,0.385020291668,0.922908107562,0.0,0.0,-0.012391837689200002,0.0,0.0,0.0
272,0.0,0.0,0.384859207953,0.9229752922229999,0.0,0.0,-0.0134390352404,0.0,0.0,0.0
273,0.0,0.0,0.384778661699,0.9230088740100001,0.0,0.0,-0.00610865238198,0.0,0.0,0.0
274,0.0,0.0,0.3846175604,0.923076016497,0.0,0.0,-0.007679448708779999,0.0,0.0,0.0
275,0.0,0.0,0.384456447386,0.923143130865,0.0,0.0,-0.0176278254451,0.0,0.0,0.0
276,0.0,0.0,0.383973038094,0.923344305239,0.0,0.0,-0.0144862327916,0.0,0.0,0.0
277,0.0,0.0,0.383973038094,0.923344305239,0.0,0.0,-0.0034906585039899997,0.0,0.0,0.0
278,0.0,0.0,0.383731293965,0.9234447975010001,0.0,0.0,-0.011344640138,0.0,0.0,0.0
279,0.0,0.0,0.383650706743,0.9234782808580001,0.0,0.0,-0.0010471975512,0.0,0.0,0.0
280,0.0,0.0,0.38324772681999997,0.9236455921439999,0.0,0.0,-0.00715584993318,0.0,0.0,0.0
281,0.0,0.0,0.383328328644,0.923612143954,0.0,0.0,0.015358897417600001,0.0,0.0,0.0
282,0.0,0.0,0.383408927549,0.9235786887299999,0.0,0.0,-0.0038397243543899996,0.0,0.0,0.0
283,0.0,0.0,0.383167122078,0.9236790333,0.0,0.0,-0.020943951023900002,0.0,0.0,0.0
284,0.0,0.0,0.383086514417,0.9237124674230001,0.0,0.0,-0.0005235987755980001,0.0,0.0,0.0
285,0.0,0.0,0.382844673933,0.9238127275810001,0.0,0.0,0.0012217304764,0.0,0.0,0.0
286,0.0,0.0,0.383005903839,0.92374589451,0.0,0.0,0.00628318530718,0.0,0.0,0.0
287,0.0,0.0,0.382683432365,0.9238795325110001,0.0,0.0,-0.014137166941200001,0.0,0.0,0.0
288,0.0,0.0,0.382844673933,0.9238127275810001,0.0,0.0,0.0012217304764,0.0,0.0,0.0
289,0.0,0.0,0.38276405460699997,0.923846133564,0.0,0.0,-0.00994837673637,0.0,0.0,0.0
290,0.0,0.0,0.38244154815700004,0.9239796871379999,0.0,0.0,-0.0144862327916,0.0,0.0,0.0
291,0.0,0.0,0.38236091426299995,0.92401305794,0.0,0.0,0.0005235987755980001,0.0,0.0,0.0
292,0.0,0.0,0.38236091426299995,0.92401305794,0.0,0.0,-0.011344640138,0.0,0.0,0.0
293,0.0,0.0,0.381957701122,0.924179806398,0.0,0.0,-0.0038397243543899996,0.0,0.0,0.0
294,0.0,0.0,0.381957701122,0.924179806398,0.0,0.0,-0.000698131700798,0.0,0.0,0.0
295,0.0,0.0,0.381957701122,0.924179806398,0.0,0.0,-0.00261799387799,0.0,0.0,0.0
296,0.0,0.0,0.381796395501,0.924246456516,0.0,0.0,-0.0162315620435,0.0,0.0,0.0
297,0.0,0.0,0.381473749372,0.924379672289,0.0,0.0,-0.0214675497995,0.0,0.0,0.0
298,0.0,0.0,0.381393080575,0.924412958633,0.0,0.0,-0.0167551608191,0.0,0.0,0.0
299,0.0,0.0,0.381231734269,0.924479510204,0.0,0.0,-0.00977384381117,0.0,0.0,0.0
300,0.0,0.0,0.381231734269,0.924479510204,0.0,0.0,-0.00244346095279,0.0,0.0,0.0
301,0.0,0.0,0.381231734269,0.924479510204,0.0,0.0,0.00593411945678,0.0,0.0,0.0
302,0.0,0.0,0.380989693038,0.924579284756,0.0,0.0,-0.00680678408278,0.0,0.0,0.0
303,0.0,0.0,0.380989693038,0.924579284756,0.0,0.0,0.0033161255787899995,0.0,0.0,0.0
304,0.0,0.0,0.380828317708,0.924645765919,0.0,0.0,0.004363323129989999,0.0,0.0,0.0
305,0.0,0.0,0.380828317708,0.924645765919,0.0,0.0,0.00174532925199,0.0,0.0,0.0
306,0.0,0.0,0.380666930779,0.924712218916,0.0,0.0,-0.014137166941200001,0.0,0.0,0.0
307,0.0,0.0,0.380424828643,0.9248118455940001,0.0,0.0,-0.00471238898038,0.0,0.0,0.0
308,0.0,0.0,0.380505532253,0.9247786437440001,0.0,0.0,-0.00994837673637,0.0,0.0,0.0
309,0.0,0.0,0.38010198524000005,0.924944582565,0.0,0.0,-0.007679448708779999,0.0,0.0,0.0
310,0.0,0.0,0.37994054616800005,0.925010908789,0.0,0.0,-0.000872664625997,0.0,0.0,0.0
311,0.0,0.0,0.37994054616800005,0.925010908789,0.0,0.0,0.010646508437200001,0.0,0.0,0.0
312,0.0,0.0,0.38010198524000005,0.924944582565,0.0,0.0,-0.0020943951023900003,0.0,0.0,0.0
313,0.0,0.0,0.37994054616800005,0.925010908789,0.0,0.0,-0.0151843644924,0.0,0.0,0.0
314,0.0,0.0,0.37977909552199995,0.9250772068340001,0.0,0.0,0.015358897417600001,0.0,0.0,0.0
315,0.0,0.0,0.380182700434,0.9249114088879999,0.0,0.0,-0.00610865238198,0.0,0.0,0.0
316,0.0,0.0,0.380021267151,0.924977749199,0.0,0.0,-0.0193731546971,0.0,0.0,0.0
317,0.0,0.0,0.37969836585999994,0.92511034529,0.0,0.0,-0.0111701072128,0.0,0.0,0.0
318,0.0,0.0,0.37961763330700005,0.9251434767010001,0.0,0.0,0.00872664625997,0.0,0.0,0.0
319,0.0,0.0,0.37969836585999994,0.92511034529,0.0,0.0,-0.0010471975512,0.0,0.0,0.0
320,0.0,0.0,0.379456159529,0.925209718386,0.0,0.0,-0.0207694180987,0.0,0.0,0.0
321,0.0,0.0,0.379133177301,0.9253421172030001,0.0,0.0,-0.008901179185170001,0.0,0.0,0.0
322,0.0,0.0,0.379052424524,0.9253751992910001,0.0,0.0,-0.00733038285838,0.0,0.0,0.0
323,0.0,0.0,0.379294674192,0.9252759318870001,0.0,0.0,0.006632251157579999,0.0,0.0,0.0
324,0.0,0.0,0.379133177301,0.9253421172030001,0.0,0.0,-0.005410520681180001,0.0,0.0,0.0
325,0.0,0.0,0.378890910311,0.925441342325,0.0,0.0,-0.0251327412287,0.0,0.0,0.0
326,0.0,0.0,0.378648617352,0.925540504018,0.0,0.0,-0.015533430342700001,0.0,0.0,0.0
327,0.0,0.0,0.37881014887599995,0.9254744032700001,0.0,0.0,0.0226892802759,0.0,0.0,0.0
328,0.0,0.0,0.374525679934,0.927216541629,0.0,0.0,-0.344353461418,0.0,0.0,0.0
329,0.0,0.0,0.366582419579,0.930385581174,0.0,0.0,-0.24033183800000002,0.0,0.0,0.0
330,0.0,0.0,0.35958969608999997,0.93311052425,0.0,0.0,-0.240855436775,0.0,0.0,0.0
331,0.0,0.0,0.353393209542,0.935474873767,0.0,0.0,-0.25062928058600004,0.0,0.0,0.0
332,0.0,0.0,0.346198928399,0.938161127939,0.0,0.0,-0.221307749153,0.0,0.0,0.0
333,0.0,0.0,0.338820026292,0.940851204912,0.0,0.0,-0.446629755585,0.0,0.0,0.0
334,0.0,0.0,0.320612990586,0.947210277746,0.0,0.0,-0.576307719009,0.0,0.0,0.0
335,0.0,0.0,0.306526078098,0.951862260753,0.0,0.0,-0.5057964172280001,0.0,0.0,0.0
336,0.0,0.0,0.299790158549,0.9540051681399999,0.0,0.0,-0.508239878181,0.0,0.0,0.0
337,0.0,0.0,0.285688367405,0.958322574465,0.0,0.0,-0.566184809347,0.0,0.0,0.0
338,0.0,0.0,0.268583597078,0.9632563788420001,0.0,0.0,-0.5237733085230001,0.0,0.0,0.0
339,0.0,0.0,0.263873049965,0.964557418458,0.0,0.0,-0.5309291584570001,0.0,0.0,0.0
340,0.0,0.0,0.250211026602,0.968191325187,0.0,0.0,-0.508239878181,0.0,0.0,0.0
341,0.0,0.0,0.24547658227400002,0.9694025209139999,0.0,0.0,-0.540004870567,0.0,0.0,0.0
342,0.0,0.0,0.228605744643,0.973519087392,0.0,0.0,-0.548906049752,0.0,0.0,0.0
343,0.0,0.0,0.223760469153,0.9746441670909999,0.0,0.0,-0.531103691382,0.0,0.0,0.0
344,0.0,0.0,0.20646035138,0.97845496744,0.0,0.0,-0.577180383635,0.0,0.0,0.0
345,0.0,0.0,0.191922493066,0.981410085874,0.0,0.0,-0.5372123437640001,0.0,0.0,0.0
346,0.0,0.0,0.186866964522,0.9823852287010001,0.0,0.0,-0.552222175331,0.0,0.0,0.0
347,0.0,0.0,0.16986551655699997,0.985467252771,0.0,0.0,-0.565137611796,0.0,0.0,0.0
348,0.0,0.0,0.16470331719,0.9863431539309999,0.0,0.0,-0.570024533701,0.0,0.0,0.0
349,0.0,0.0,0.1468599561,0.989157294516,0.0,0.0,-0.551349510705,0.0,0.0,0.0
350,0.0,0.0,0.13208338849600001,0.991238608249,0.0,0.0,-0.565486677646,0.0,0.0,0.0
351,0.0,0.0,0.114156921978,0.9934627306370001,0.0,0.0,-0.553792971658,0.0,0.0,0.0
352,0.0,0.0,0.0987987262748,0.9951074372579999,0.0,0.0,-0.5300564938310001,0.0,0.0,0.0
353,0.0,0.0,0.08159061156820001,0.996665928034,0.0,0.0,-0.521853446346,0.0,0.0,0.0
354,0.0,0.0,0.0668834102284,0.997760797705,0.0,0.0,-0.532325421858,0.0,0.0,0.0
355,0.0,0.0,0.048588281289300005,0.998818891953,0.0,0.0,-0.586256095745,0.0,0.0,0.0
356,0.0,0.0,0.0330679597775,0.999453105471,0.0,0.0,-0.557109097237,0.0,0.0,0.0
357,0.0,0.0,0.015707317311799997,0.999876632482,0.0,0.0,-0.548906049752,0.0,0.0,0.0
358,0.0,0.0,0.0,1.0,0.0,0.0,-0.5558873667600001,0.0,0.0,0.0
359,0.0,0.0,-0.0183249313961,0.999832084347,0.0,0.0,-0.544542726622,0.0,0.0,0.0
360,0.0,0.0,-0.0338529181312,0.999426825703,0.0,0.0,-0.554316570433,0.0,0.0,0.0
361,0.0,0.0,-0.051464467756000006,0.9986748262369999,0.0,0.0,-0.553792971658,0.0,0.0,0.0
362,0.0,0.0,-0.0564314072954,0.9984064784799999,0.0,0.0,-0.5316272901569999,0.0,0.0,0.0
363,0.0,0.0,-0.0721067328564,0.9973969215299999,0.0,0.0,-0.59515727493,0.0,0.0,0.0
364,0.0,0.0,-0.09071948716119999,0.9958764856389999,0.0,0.0,-0.5647885459449999,0.0,0.0,0.0
365,0.0,0.0,-0.0957588874503,0.995404558697,0.0,0.0,-0.544368193697,0.0,0.0,0.0
366,0.0,0.0,-0.11051493227499999,0.993874463775,0.0,0.0,-0.546113522949,0.0,0.0,0.0
367,0.0,0.0,-0.117970694112,0.993017077059,0.0,0.0,-0.532325421858,0.0,0.0,0.0
368,0.0,0.0,-0.133640258869,0.991029909341,0.0,0.0,-0.584510766493,0.0,0.0,0.0
369,0.0,0.0,-0.138827423723,0.990316588987,0.0,0.0,-0.557109097237,0.0,0.0,0.0
370,0.0,0.0,-0.156779223773,0.9876336744930001,0.0,0.0,-0.563392282544,0.0,0.0,0.0
371,0.0,0.0,-0.161862173785,0.986813374807,0.0,0.0,-0.560076156965,0.0,0.0,0.0
372,0.0,0.0,-0.180261640658,0.983618696908,0.0,0.0,-0.562694150843,0.0,0.0,0.0
373,0.0,0.0,-0.196031718269,0.9805975552860001,0.0,0.0,-0.5817182396899999,0.0,0.0,0.0
374,0.0,0.0,-0.20116340444699998,0.9795576985109999,0.0,0.0,-0.561297887441,0.0,0.0,0.0
375,0.0,0.0,-0.219420526195,0.975630377082,0.0,0.0,-0.5729915934300001,0.0,0.0,0.0
376,0.0,0.0,-0.2245258838,0.9744681254430001,0.0,0.0,-0.556410965536,0.0,0.0,0.0
377,0.0,0.0,-0.239973901267,0.970779339866,0.0,0.0,-0.559028959414,0.0,0.0,0.0
378,0.0,0.0,-0.258060328984,0.9661288043549999,0.0,0.0,-0.5979498017329999,0.0,0.0,0.0
379,0.0,0.0,-0.27337167328,0.961908482262,0.0,0.0,-0.582241838465,0.0,0.0,0.0
380,0.0,0.0,-0.289365946873,0.957218548081,0.0,0.0,-0.34644785652099996,0.0,0.0,0.0
381,0.0,0.0,-0.293873503404,0.9558443199590001,0.0,0.0,-0.169820536219,0.0,0.0,0.0
382,0.0,0.0,-0.300206393279,0.9538742691959999,0.0,0.0,-0.254643537866,0.0,0.0,0.0
383,0.0,0.0,-0.309099988536,0.951029545854,0.0,0.0,-0.373849525777,0.0,0.0,0.0
384,0.0,0.0,-0.319124721232,0.947712726673,0.0,0.0,-0.330216294477,0.0,0.0,0.0
385,0.0,0.0,-0.32713543538400003,0.9449774637080001,0.0,0.0,-0.275762021815,0.0,0.0,0.0
386,0.0,0.0,-0.330761467895,0.943714390775,0.0,0.0,-0.281696141272,0.0,0.0,0.0
387,0.0,0.0,-0.337752446654,0.9412349785140001,0.0,0.0,-0.24644049038199997,0.0,0.0,0.0
388,0.0,0.0,-0.34111794572400006,0.940020503556,0.0,0.0,0.0834267382453,0.0,0.0,0.0
389,0.0,0.0,-0.34037955021300004,0.9402881270100001,0.0,0.0,0.0720820981074,0.0,0.0,0.0
390,0.0,0.0,-0.340707751944,0.94016925485,0.0,0.0,-0.004363323129989999,0.0,0.0,0.0
391,0.0,0.0,-0.340789795892,0.94013951891,0.0,0.0,-0.0171042266695,0.0,0.0,0.0
392,0.0,0.0,-0.342840049499,0.939393794135,0.0,0.0,-0.0588175957922,0.0,0.0,0.0
393,0.0,0.0,-0.34308597046800005,0.939304006628,0.0,0.0,-0.017278759594700002,0.0,0.0,0.0
394,0.0,0.0,-0.343659694586,0.939094252095,0.0,0.0,-0.0404916386463,0.0,0.0,0.0
395,0.0,0.0,-0.343987479376,0.9389742350210001,0.0,0.0,-0.0371755130675,0.0,0.0,0.0
396,0.0,0.0,-0.344561001879,0.938763929848,0.0,0.0,-0.0383972435439,0.0,0.0,0.0
397,0.0,0.0,-0.34554388406099995,0.938402591742,0.0,0.0,-0.0019198621771900001,0.0,0.0,0.0
398,0.0,0.0,-0.34562577382,0.938372433776,0.0,0.0,-0.0178023583703,0.0,0.0,0.0
399,0.0,0.0,-0.34652638731200003,0.9380402245620001,0.0,0.0,-0.0216420827247,0.0,0.0,0.0
400,0.0,0.0,-0.347426681491,0.9377071509739999,0.0,0.0,-0.0298451302091,0.0,0.0,0.0
401,0.0,0.0,-0.347917616161,0.937525110258,0.0,0.0,-0.0160570291183,0.0,0.0,0.0
402,0.0,0.0,-0.348244852958,0.937403606985,0.0,0.0,-0.0261799387799,0.0,0.0,0.0
403,0.0,0.0,-0.348817415225,0.937190701424,0.0,0.0,-0.0151843644924,0.0,0.0,0.0
404,0.0,0.0,-0.349226308593,0.937038411905,0.0,0.0,0.00157079632679,0.0,0.0,0.0
405,0.0,0.0,-0.349471612705,0.936946952561,0.0,0.0,-0.0277507351067,0.0,0.0,0.0
406,0.0,0.0,-0.350125639858,0.936702747041,0.0,0.0,-0.0198967534727,0.0,0.0,0.0
407,0.0,0.0,-0.350616048252,0.936519293292,0.0,0.0,-0.010471975512,0.0,0.0,0.0
408,0.0,0.0,-0.35118806988000006,0.9363049394149999,0.0,0.0,-0.0287979326579,0.0,0.0,0.0
409,0.0,0.0,-0.352005016254,0.9359981135299998,0.0,0.0,-0.024609142453099996,0.0,0.0,0.0
410,0.0,0.0,-0.35257671925300005,0.935782911279,0.0,0.0,-0.0169296937443,0.0,0.0,0.0
411,0.0,0.0,-0.353393209542,0.935474873767,0.0,0.0,-0.024609142453099996,0.0,0.0,0.0
412,0.0,0.0,-0.353882974576,0.9352897092910001,0.0,0.0,-0.0205948851735,0.0,0.0,0.0
413,0.0,0.0,-0.35437264259,0.9351042884,0.0,0.0,-0.0186750229963,0.0,0.0,0.0
414,0.0,0.0,-0.354535843679,0.935042424464,0.0,0.0,-0.0183259571459,0.0,0.0,0.0
415,0.0,0.0,-0.355270114859,0.934763684301,0.0,0.0,-0.039968039870699995,0.0,0.0,0.0
416,0.0,0.0,-0.356167259757,0.934422218848,0.0,0.0,-0.0291469985083,0.0,0.0,0.0
417,0.0,0.0,-0.35641187871299995,0.934328942457,0.0,0.0,-0.030717794835099996,0.0,0.0,0.0
418,0.0,0.0,-0.357064076459,0.9340798923549999,0.0,0.0,-0.0176278254451,0.0,0.0,0.0
419,0.0,0.0,-0.35739011009000005,0.933955196575,0.0,0.0,-0.0253072741539,0.0,0.0,0.0
420,0.0,0.0,-0.358042046673,0.933705463631,0.0,0.0,-0.0129154364648,0.0,0.0,0.0
421,0.0,0.0,-0.358123526483,0.9336742150130001,0.0,0.0,-0.014660765716799999,0.0,0.0,0.0
422,0.0,0.0,-0.358612348046,0.933486573995,0.0,0.0,-0.0207694180987,0.0,0.0,0.0
423,0.0,0.0,-0.35885672196699997,0.933392657513,0.0,0.0,-0.0275762021815,0.0,0.0,0.0
424,0.0,0.0,-0.35934539600599996,0.933204632634,0.0,0.0,-0.0005235987755980001,0.0,0.0,0.0
425,0.0,0.0,-0.35958969608999997,0.93311052425,0.0,0.0,-0.020943951023900002,0.0,0.0,0.0
426,0.0,0.0,-0.36007822230400005,0.932922115625,0.0,0.0,-0.0150098315672,0.0,0.0,0.0
427,0.0,0.0,-0.360403851612,0.93279636778,0.0,0.0,-0.012217304764,0.0,0.0,0.0
428,0.0,0.0,-0.360648044776,0.932701982307,0.0,0.0,-0.012217304764,0.0,0.0,0.0
429,0.0,0.0,-0.36138047589199995,0.9324184423549999,0.0,0.0,-0.0268780704807,0.0,0.0,0.0
430,0.0,0.0,-0.36186863948700004,0.932229096175,0.0,0.0,-0.00610865238198,0.0,0.0,0.0
431,0.0,0.0,-0.36211268409,0.932134327241,0.0,0.0,-0.013089969390000001,0.0,0.0,0.0
432,0.0,0.0,-0.362844668919,0.93184963714,0.0,0.0,-0.022863813201099998,0.0,0.0,0.0
433,0.0,0.0,-0.36333253448700004,0.931659524388,0.0,0.0,-0.015533430342700001,0.0,0.0,0.0
434,0.0,0.0,-0.363576429927,0.931564372227,0.0,0.0,-0.010471975512,0.0,0.0,0.0
435,0.0,0.0,-0.36438923465800005,0.931246737264,0.0,0.0,-0.027925268031900003,0.0,0.0,0.0
436,0.0,0.0,-0.364958032896,0.931023970811,0.0,0.0,-0.020071286397900002,0.0,0.0,0.0
437,0.0,0.0,-0.36536423398400003,0.930864639207,0.0,0.0,-0.0134390352404,0.0,0.0,0.0
438,0.0,0.0,-0.366095220599,0.930577395736,0.0,0.0,-0.0136135681656,0.0,0.0,0.0
439,0.0,0.0,-0.366257631418,0.9305134858930001,0.0,0.0,-0.012391837689200002,0.0,0.0,0.0
440,0.0,0.0,-0.366582419579,0.930385581174,0.0,0.0,-0.0216420827247,0.0,0.0,0.0
441,0.0,0.0,-0.366988341962,0.930225540858,0.0,0.0,-0.00628318530718,0.0,0.0,0.0
442,0.0,0.0,-0.36706951805699994,0.930193511541,0.0,0.0,-0.0111701072128,0.0,0.0,0.0
443,0.0,0.0,-0.36755651590099997,0.930001186891,0.0,0.0,-0.0134390352404,0.0,0.0,0.0
444,0.0,0.0,-0.367637672416,0.929969107993,0.0,0.0,-0.0171042266695,0.0,0.0,0.0
445,0.0,0.0,-0.367962270469,0.9298407215819999,0.0,0.0,-0.0136135681656,0.0,0.0,0.0
446,0.0,0.0,-0.368043412978,0.929808607275,0.0,0.0,-0.014137166941200001,0.0,0.0,0.0
447,0.0,0.0,-0.368530209154,0.929615772748,0.0,0.0,-0.0205948851735,0.0,0.0,0.0
448,0.0,0.0,-0.3686924521,0.9295514379340001,0.0,0.0,-0.013788101090799998,0.0,0.0,0.0
449,0.0,0.0,-0.369260213935,0.9293260431110001,0.0,0.0,-0.0164060949687,0.0,0.0,0.0
450,0.0,0.0,-0.36934131152500005,0.9292938155399999,0.0,0.0,-0.00174532925199,0.0,0.0,0.0
451,0.0,0.0,-0.369422406303,0.9292615808920001,0.0,0.0,-0.0013962634016,0.0,0.0,0.0
452,0.0,0.0,-0.370395324019,0.9288742131990001,0.0,0.0,-0.035081117965099995,0.0,0.0,0.0
453,0.0,0.0,-0.370719539713,0.928744864252,0.0,0.0,-0.0293215314335,0.0,0.0,0.0
454,0.0,0.0,-0.371043710237,0.928615402141,0.0,0.0,-0.00244346095279,0.0,0.0,0.0
455,0.0,0.0,-0.371286808463,0.928518231303,0.0,0.0,-0.0195476876223,0.0,0.0,0.0
456,0.0,0.0,-0.37201595038699997,0.928226336977,0.0,0.0,-0.0251327412287,0.0,0.0,0.0
457,0.0,0.0,-0.372663883908,0.927966394667,0.0,0.0,-0.0010471975512,0.0,0.0,0.0
458,0.0,0.0,-0.37282583892,0.927901338416,0.0,0.0,-0.0167551608191,0.0,0.0,0.0
459,0.0,0.0,-0.37363544353,0.9275756332170001,0.0,0.0,-0.0242600766027,0.0,0.0,0.0
460,0.0,0.0,-0.374121069757,0.9273798710150001,0.0,0.0,-0.0151843644924,0.0,0.0,0.0
461,0.0,0.0,-0.37420199749300004,0.927347219262,0.0,0.0,-0.00157079632679,0.0,0.0,0.0
462,0.0,0.0,-0.374525679934,0.927216541629,0.0,0.0,-0.027227136331099997,0.0,0.0,0.0
463,0.0,0.0,-0.375172907873,0.9269548474429999,0.0,0.0,-0.022165681500300002,0.0,0.0,0.0
464,0.0,0.0,-0.375819952958,0.926692701471,0.0,0.0,-0.00453785605519,0.0,0.0,0.0
465,0.0,0.0,-0.375819952958,0.926692701471,0.0,0.0,-0.000174532925199,0.0,0.0,0.0
466,0.0,0.0,-0.376305116583,0.926495795583,0.0,0.0,-0.0394444410951,0.0,0.0,0.0
467,0.0,0.0,-0.376709340802,0.926331513311,0.0,0.0,0.005410520681180001,0.0,0.0,0.0
468,0.0,0.0,-0.376709340802,0.926331513311,0.0,0.0,0.005410520681180001,0.0,0.0,0.0
469,0.0,0.0,-0.377113493301,0.9261670546780001,0.0,0.0,-0.030717794835099996,0.0,0.0,0.0
470,0.0,0.0,-0.37759838152099995,0.925969471566,0.0,0.0,0.00174532925199,0.0,0.0,0.0
471,0.0,0.0,-0.377679186163,0.925936516366,0.0,0.0,-0.0109955742876,0.0,0.0,0.0
472,0.0,0.0,-0.377840786818,0.9258705848100001,0.0,0.0,-0.0230383461263,0.0,0.0,0.0
473,0.0,0.0,-0.378406298442,0.9256396022750001,0.0,0.0,-0.0162315620435,0.0,0.0,0.0
474,0.0,0.0,-0.37881014887599995,0.9254744032700001,0.0,0.0,-0.00418879020479,0.0,0.0,0.0
475,0.0,0.0,-0.37881014887599995,0.9254744032700001,0.0,0.0,0.000349065850399,0.0,0.0,0.0
476,0.0,0.0,-0.37921392719,0.925309028068,0.0,0.0,-0.0254818070791,0.0,0.0,0.0
477,0.0,0.0,-0.380021267151,0.924977749199,0.0,0.0,-0.0293215314335,0.0,0.0,0.0
478,0.0,0.0,-0.380263412733,0.9248782281669999,0.0,0.0,-0.026005405854700004,0.0,0.0,0.0
479,0.0,0.0,-0.380666930779,0.924712218916,0.0,0.0,-0.0144862327916,0.0,0.0,0.0
480,0.0,0.0,-0.380989693038,0.924579284756,0.0,0.0,-0.0191986217719,0.0,0.0,0.0
481,0.0,0.0,-0.381231734269,0.924479510204,0.0,0.0,-0.0242600766027,0.0,0.0,0.0
482,0.0,0.0,-0.381635078249,0.9243130784799999,0.0,0.0,-0.0219911485751,0.0,0.0,0.0
483,0.0,0.0,-0.38219963773800003,0.924079778435,0.0,0.0,-0.012217304764,0.0,0.0,0.0
484,0.0,0.0,-0.382683432365,0.9238795325110001,0.0,0.0,-0.0237364778271,0.0,0.0,0.0
485,0.0,0.0,-0.383005903839,0.92374589451,0.0,0.0,-0.00558505360638,0.0,0.0,0.0
486,0.0,0.0,-0.383328328644,0.923612143954,0.0,0.0,-0.00296705972839,0.0,0.0,0.0
487,0.0,0.0,-0.383328328644,0.923612143954,0.0,0.0,-0.0136135681656,0.0,0.0,0.0
488,0.0,0.0,-0.383731293965,0.9234447975010001,0.0,0.0,-0.0134390352404,0.0,0.0,0.0
489,0.0,0.0,-0.38429532266000005,0.923210217113,0.0,0.0,-0.014835298642,0.0,0.0,0.0
490,0.0,0.0,-0.3846175604,0.923076016497,0.0,0.0,-0.00855211333477,0.0,0.0,0.0
491,0.0,0.0,-0.384939751276,0.922941703407,0.0,0.0,-0.021118483949099997,0.0,0.0,0.0
492,0.0,0.0,-0.38526189524800003,0.922807277859,0.0,0.0,-0.0125663706144,0.0,0.0,0.0
493,0.0,0.0,-0.38542294963299994,0.9227400229189999,0.0,0.0,-0.011868238913600001,0.0,0.0,0.0
494,0.0,0.0,-0.385583992277,0.92267273987,0.0,0.0,-0.013788101090799998,0.0,0.0,0.0
495,0.0,0.0,-0.386308538754,0.9223696183660001,0.0,0.0,-0.013962634016,0.0,0.0,0.0
496,0.0,0.0,-0.386389029217,0.922335903075,0.0,0.0,-0.007679448708779999,0.0,0.0,0.0
497,0.0,0.0,-0.38687191017899997,0.9221334638299998,0.0,0.0,-0.0162315620435,0.0,0.0,0.0
498,0.0,0.0,-0.387113310895,0.9220321494,0.0,0.0,-0.0202458193231,0.0,0.0,0.0
499,0.0,0.0,-0.387274229966,0.921964571339,0.0,0.0,-0.0193731546971,0.0,0.0,0.0
500,0.0,0.0,-0.387676476022,0.921795503319,0.0,0.0,-0.0183259571459,0.0,0.0,0.0
501,0.0,0.0,-0.387917788232,0.9216939782670001,0.0,0.0,-0.0186750229963,0.0,0.0,0.0
502,0.0,0.0,-0.388239496484,0.921558513264,0.0,0.0,-0.00279252680319,0.0,0.0,0.0
503,0.0,0.0,-0.388319916157,0.921524629468,0.0,0.0,-0.00523598775598,0.0,0.0,0.0
504,0.0,0.0,-0.388802372073,0.921321179324,0.0,0.0,-0.017278759594700002,0.0,0.0,0.0
505,0.0,0.0,-0.38896316703100003,0.9212533064759999,0.0,0.0,-0.0158824961931,0.0,0.0,0.0
506,0.0,0.0,-0.389606228328,0.9209815344769999,0.0,0.0,-0.033684854563500004,0.0,0.0,0.0
507,0.0,0.0,-0.390168751206,0.9207433657549999,0.0,0.0,-0.0268780704807,0.0,0.0,0.0
508,0.0,0.0,-0.390490127495,0.9206071150759999,0.0,0.0,0.0125663706144,0.0,0.0,0.0
509,0.0,0.0,-0.39065079779899997,0.9205389476710001,0.0,0.0,-0.0298451302091,0.0,0.0,0.0
510,0.0,0.0,-0.391052421488,0.920368406481,0.0,0.0,-0.012391837689200002,0.0,0.0,0.0
511,0.0,0.0,-0.39137366683700003,0.9202318473659999,0.0,0.0,-0.00244346095279,0.0,0.0,0.0
512,0.0,0.0,-0.391614569557,0.920129354445,0.0,0.0,-0.013788101090799998,0.0,0.0,0.0
513,0.0,0.0,-0.391935731427,0.9199925991169999,0.0,0.0,-0.0160570291183,0.0,0.0,0.0
514,0.0,0.0,-0.39273842708499995,0.919650220405,0.0,0.0,-0.00174532925199,0.0,0.0,0.0
515,0.0,0.0,-0.392577911861,0.919718752184,0.0,0.0,0.00680678408278,0.0,0.0,0.0
516,0.0,0.0,-0.39281868021099997,0.9196159440100001,0.0,0.0,-0.026529004630299998,0.0,0.0,0.0
517,0.0,0.0,-0.393621046838,0.9192727949230001,0.0,0.0,-0.020943951023900002,0.0,0.0,0.0
518,0.0,0.0,-0.393861698401,0.9191697136720001,0.0,0.0,-0.000698131700798,0.0,0.0,0.0
519,0.0,0.0,-0.394022117781,0.9191009578389999,0.0,0.0,-0.014137166941200001,0.0,0.0,0.0
520,0.0,0.0,-0.39450330388300003,0.918894522361,0.0,0.0,-0.0136135681656,0.0,0.0,0.0
521,0.0,0.0,-0.39458349105499996,0.918860091955,0.0,0.0,-0.00977384381117,0.0,0.0,0.0
522,0.0,0.0,-0.39490420968900003,0.918722300355,0.0,0.0,-0.00593411945678,0.0,0.0,0.0
523,0.0,0.0,-0.395064550964,0.9186533625759999,0.0,0.0,-0.0214675497995,0.0,0.0,0.0
524,0.0,0.0,-0.39522488020400004,0.918584396813,0.0,0.0,-0.0144862327916,0.0,0.0,0.0
525,0.0,0.0,-0.395785937705,0.918342796299,0.0,0.0,-0.0125663706144,0.0,0.0,0.0
526,0.0,0.0,-0.395866076726,0.9183082539640001,0.0,0.0,-0.00279252680319,0.0,0.0,0.0
527,0.0,0.0,-0.396346847517,0.9181008531,0.0,0.0,-0.013089969390000001,0.0,0.0,0.0
528,0.0,0.0,-0.39658719217200006,0.9179970582770001,0.0,0.0,-0.0287979326579,0.0,0.0,0.0
529,0.0,0.0,-0.396907609428,0.917858567306,0.0,0.0,0.015533430342700001,0.0,0.0,0.0
530,0.0,0.0,-0.396827509647,0.917893200535,0.0,0.0,0.000349065850399,0.0,0.0,0.0
531,0.0,0.0,-0.397147890635,0.9177546256839999,0.0,0.0,-0.015358897417600001,0.0,0.0,0.0
532,0.0,0.0,-0.397548298815,0.917581249868,0.0,0.0,-0.0136135681656,0.0,0.0,0.0
533,0.0,0.0,-0.39762837137100004,0.9175465537399999,0.0,0.0,-0.009599310885969999,0.0,0.0,0.0
534,0.0,0.0,-0.402507048075,0.915416886588,0.0,0.0,-0.33894294073700004,0.0,0.0,0.0
535,0.0,0.0,-0.40522136894599997,0.9142185964799999,0.0,0.0,-0.315904594611,0.0,0.0,0.0
536,0.0,0.0,-0.41215053779,0.911115763336,0.0,0.0,-0.27070056698399997,0.0,0.0,0.0
537,0.0,0.0,-0.419610513116,0.907704256508,0.0,0.0,-0.251676478138,0.0,0.0,0.0
538,0.0,0.0,-0.426963342288,0.9042689336380001,0.0,0.0,-0.276285620591,0.0,0.0,0.0
539,0.0,0.0,-0.436644779265,0.899634001548,0.0,0.0,-0.522551578047,0.0,0.0,0.0
540,0.0,0.0,-0.452201221762,0.891915946172,0.0,0.0,-0.58643062867,0.0,0.0,0.0
541,0.0,0.0,-0.46862377777099995,0.883397846334,0.0,0.0,-0.551000444855,0.0,0.0,0.0
542,0.0,0.0,-0.482518212408,0.8758859370350001,0.0,0.0,-0.609294441871,0.0,0.0,0.0
543,0.0,0.0,-0.49863903418600003,0.8668097332089999,0.0,0.0,-0.557109097237,0.0,0.0,0.0
544,0.0,0.0,-0.511743000114,0.859138581274,0.0,0.0,-0.5389576730160001,0.0,0.0,0.0
545,0.0,0.0,-0.518400183115,0.85513814682,0.0,0.0,-0.5656612105709999,0.0,0.0,0.0
546,0.0,0.0,-0.531694248471,0.846936376679,0.0,0.0,-0.573515192205,0.0,0.0,0.0
547,0.0,0.0,-0.5471250196840001,0.8370509021770001,0.0,0.0,-0.587826892072,0.0,0.0,0.0
548,0.0,0.0,-0.560783509816,0.8279624720469999,0.0,0.0,-0.552396708256,0.0,0.0,0.0
549,0.0,0.0,-0.575290805133,0.817948952887,0.0,0.0,-0.5265658353270001,0.0,0.0,0.0
550,0.0,0.0,-0.579210036818,0.815178344443,0.0,0.0,-0.514348530563,0.0,0.0,0.0
551,0.0,0.0,-0.591309648364,0.8064446042669999,0.0,0.0,-0.537735942539,0.0,0.0,0.0
552,0.0,0.0,-0.605710690725,0.795684962244,0.0,0.0,-0.551873109481,0.0,0.0,0.0
553,0.0,0.0,-0.609799404258,0.7925557939769999,0.0,0.0,-0.559028959414,0.0,0.0,0.0
554,0.0,0.0,-0.6224463388220001,0.7826624785230001,0.0,0.0,-0.572293461729,0.0,0.0,0.0
555,0.0,0.0,-0.636885914735,0.770958060864,0.0,0.0,-0.562694150843,0.0,0.0,0.0
556,0.0,0.0,-0.640846903691,0.7676687085130001,0.0,0.0,-0.552920307032,0.0,0.0,0.0
557,0.0,0.0,-0.655004616457,0.7556248754639999,0.0,0.0,-0.562519617918,0.0,0.0,0.0
558,0.0,0.0,-0.658952062334,0.752184937064,0.0,0.0,-0.567755605674,0.0,0.0,0.0
559,0.0,0.0,-0.670685576537,0.741741772739,0.0,0.0,-0.555363767985,0.0,0.0,0.0
560,0.0,0.0,-0.684419866476,0.729088092327,0.0,0.0,-0.571769862953,0.0,0.0,0.0
561,0.0,0.0,-0.6962260720450001,0.717822580172,0.0,0.0,-0.582939970166,0.0,0.0,0.0
562,0.0,0.0,-0.7093247295720001,0.704881853942,0.0,0.0,-0.5799729104379999,0.0,0.0,0.0
563,0.0,0.0,-0.720369554815,0.693590444351,0.0,0.0,-0.584510766493,0.0,0.0,0.0
564,0.0,0.0,-0.732899222969,0.6803372171,0.0,0.0,-0.562868683768,0.0,0.0,0.0
565,0.0,0.0,-0.7437284690449999,0.668481835454,0.0,0.0,-0.567755605674,0.0,0.0,0.0
566,0.0,0.0,-0.756024854007,0.654542909306,0.0,0.0,-0.537561409614,0.0,0.0,0.0
567,0.0,0.0,-0.765988346401,0.642854457228,0.0,0.0,-0.578402114111,0.0,0.0,0.0
568,0.0,0.0,-0.777859402544,0.628438342142,0.0,0.0,-0.598124334658,0.0,0.0,0.0
569,0.0,0.0,-0.787742045607,0.616005251263,0.0,0.0,-0.585732496969,0.0,0.0,0.0
570,0.0,0.0,-0.792821793707,0.609453528518,0.0,0.0,-0.5970771371069999,0.0,0.0,0.0
571,0.0,0.0,-0.8024531123749999,0.596715176981,0.0,0.0,-0.577005850709,0.0,0.0,0.0
572,0.0,0.0,-0.813253132618,0.581910080929,0.0,0.0,-0.581892772615,0.0,0.0,0.0
573,0.0,0.0,-0.81649043092,0.577358966516,0.0,0.0,-0.60423298704,0.0,0.0,0.0
574,0.0,0.0,-0.8257539019110001,0.564030578496,0.0,0.0,-0.584859832343,0.0,0.0,0.0
575,0.0,0.0,-0.828793499711,0.55955458611,0.0,0.0,-0.582241838465,0.0,0.0,0.0
576,0.0,0.0,-0.8392404526520001,0.543760482779,0.0,0.0,-0.6078981784699999,0.0,0.0,0.0
577,0.0,0.0,-0.8422642792039999,0.539064823539,0.0,0.0,-0.596204472481,0.0,0.0,0.0
578,0.0,0.0,-0.852503345332,0.522721767481,0.0,0.0,-0.603185789489,0.0,0.0,0.0
579,0.0,0.0,-0.860875264236,0.508816056573,0.0,0.0,-0.59550634078,0.0,0.0,0.0
580,0.0,0.0,-0.863659602288,0.504075481823,0.0,0.0,-0.596728071257,0.0,0.0,0.0
581,0.0,0.0,-0.872666514903,0.488316653174,0.0,0.0,-0.571944395879,0.0,0.0,0.0
582,0.0,0.0,-0.879814543441,0.475317124823,0.0,0.0,-0.464083048105,0.0,0.0,0.0
583,0.0,0.0,-0.883520501477,0.468392488698,0.0,0.0,-0.202109127381,0.0,0.0,0.0
584,0.0,0.0,-0.886041804419,0.46360535029399996,0.0,0.0,-0.207868713913,0.0,0.0,0.0
585,0.0,0.0,-0.890649686112,0.454690154533,0.0,0.0,-0.325329372572,0.0,0.0,0.0
586,0.0,0.0,-0.8945446398379999,0.446978620671,0.0,0.0,-0.309272343453,0.0,0.0,0.0
587,0.0,0.0,-0.898411153119,0.43915532554,0.0,0.0,-0.273493093788,0.0,0.0,0.0
588,0.0,0.0,-0.902133959368,0.431456045681,0.0,0.0,-0.322013246993,0.0,0.0,0.0
589,0.0,0.0,-0.905901685124,0.42348805991300004,0.0,0.0,-0.141371669412,0.0,0.0,0.0
590,0.0,0.0,-0.905642821984,0.424041364714,0.0,0.0,-0.00244346095279,0.0,0.0,0.0
591,0.0,0.0,-0.90593863798,0.42340900346500004,0.0,0.0,-0.0406661715715,0.0,0.0,0.0
592,0.0,0.0,-0.9067130538160001,0.421748074139,0.0,0.0,-0.047996554429800005,0.0,0.0,0.0
593,0.0,0.0,-0.9068234361299999,0.421510682766,0.0,0.0,-0.00628318530718,0.0,0.0,0.0
594,0.0,0.0,-0.9068969898100001,0.4213524058,0.0,0.0,-0.0116937059884,0.0,0.0,0.0
595,0.0,0.0,-0.907227639472,0.420640000688,0.0,0.0,-0.0345575191895,0.0,0.0,0.0
596,0.0,0.0,-0.9073377316750001,0.420402474635,0.0,0.0,-0.0329867228627,0.0,0.0,0.0
597,0.0,0.0,-0.907704256508,0.419610513116,0.0,0.0,-0.041015237421900004,0.0,0.0,0.0
598,0.0,0.0,-0.907850672905,0.419293639,0.0,0.0,-0.0375245789179,0.0,0.0,0.0
599,0.0,0.0,-0.908216229902,0.418501230277,0.0,0.0,-0.0232128790515,0.0,0.0,0.0
600,0.0,0.0,-0.908325762142,0.418263445485,0.0,0.0,-0.022863813201099998,0.0,0.0,0.0
601,0.0,0.0,-0.908617543735,0.41762921259900004,0.0,0.0,-0.0274016692563,0.0,0.0,0.0
602,0.0,0.0,-0.909018020308,0.416756810089,0.0,0.0,-0.030717794835099996,0.0,0.0,0.0
603,0.0,0.0,-0.909127095833,0.416518815449,0.0,0.0,-0.0249582083035,0.0,0.0,0.0
604,0.0,0.0,-0.909417659249,0.41588402355099996,0.0,0.0,-0.0198967534727,0.0,0.0,0.0
605,0.0,0.0,-0.909490230853,0.415725293894,0.0,0.0,-0.00994837673637,0.0,0.0,0.0
606,0.0,0.0,-0.909888879393,0.41485205454199997,0.0,0.0,-0.05201081170940001,0.0,0.0,0.0
607,0.0,0.0,-0.910286689499,0.413978432917,0.0,0.0,-0.024609142453099996,0.0,0.0,0.0
608,0.0,0.0,-0.9105033233100001,0.413501751195,0.0,0.0,-0.012391837689200002,0.0,0.0,0.0
609,0.0,0.0,-0.9107917800830001,0.412865999246,0.0,0.0,-0.0357792496659,0.0,0.0,0.0
610,0.0,0.0,-0.9111876832979999,0.411991511814,0.0,0.0,-0.0198967534727,0.0,0.0,0.0
611,0.0,0.0,-0.9115109796080001,0.41127573968599995,0.0,0.0,-0.0403171057211,0.0,0.0,0.0
612,0.0,0.0,-0.911976970473,0.410241398845,0.0,0.0,-0.0293215314335,0.0,0.0,0.0
613,0.0,0.0,-0.9122988920049999,0.40952500735200004,0.0,0.0,-0.0298451302091,0.0,0.0,0.0
614,0.0,0.0,-0.912620250784,0.408808363244,0.0,0.0,-0.0312413936107,0.0,0.0,0.0
615,0.0,0.0,-0.913012258106,0.40793212247599997,0.0,0.0,-0.028448866807499997,0.0,0.0,0.0
616,0.0,0.0,-0.913438942933,0.406975794776,0.0,0.0,-0.04485496177630001,0.0,0.0,0.0
617,0.0,0.0,-0.9136164326639999,0.406577193121,0.0,0.0,-0.037873644768300005,0.0,0.0,0.0
618,0.0,0.0,-0.913829190738,0.406098768964,0.0,0.0,-0.020943951023900002,0.0,0.0,0.0
619,0.0,0.0,-0.914253955234,0.40514158678,0.0,0.0,-0.0394444410951,0.0,0.0,0.0
620,0.0,0.0,-0.914430644564,0.404742629683,0.0,0.0,-0.0415388361975,0.0,0.0,0.0
621,0.0,0.0,-0.914642441951,0.404263779458,0.0,0.0,-0.00418879020479,0.0,0.0,0.0
622,0.0,0.0,-0.91471298536,0.40410413808,0.0,0.0,-0.0191986217719,0.0,0.0,0.0
623,0.0,0.0,-0.9149596678499999,0.40354529635200004,0.0,0.0,-0.0261799387799,0.0,0.0,0.0
624,0.0,0.0,-0.915100475986,0.403225890599,0.0,0.0,-0.037873644768300005,0.0,0.0,0.0
625,0.0,0.0,-0.9154871233769999,0.402347271558,0.0,0.0,-0.0116937059884,0.0,0.0,0.0
626,0.0,0.0,-0.9155573322799998,0.402187482785,0.0,0.0,-0.0164060949687,0.0,0.0,0.0
627,0.0,0.0,-0.9157327325139999,0.401787957264,0.0,0.0,-0.010646508437200001,0.0,0.0,0.0
628,0.0,0.0,-0.916083009922,0.400988676813,0.0,0.0,-0.0404916386463,0.0,0.0,0.0
629,0.0,0.0,-0.916222925562,0.40066887909500004,0.0,0.0,-0.0328121899375,0.0,0.0,0.0
630,0.0,0.0,-0.916467509289,0.400109115638,0.0,0.0,-0.021118483949099997,0.0,0.0,0.0
631,0.0,0.0,-0.9165373275450001,0.39994915579,0.0,0.0,-0.0195476876223,0.0,0.0,0.0
632,0.0,0.0,-0.91678147156,0.39938920041000003,0.0,0.0,-0.0387463093943,0.0,0.0,0.0
633,0.0,0.0,-0.917233974186,0.398348888036,0.0,0.0,-0.014835298642,0.0,0.0,0.0
634,0.0,0.0,-0.9174424234340001,0.39786857086800004,0.0,0.0,-0.0164060949687,0.0,0.0,0.0
635,0.0,0.0,-0.917719964498,0.39722797832199996,0.0,0.0,-0.0291469985083,0.0,0.0,0.0
636,0.0,0.0,-0.9179970582770001,0.39658719217200006,0.0,0.0,-0.020071286397900002,0.0,0.0,0.0
637,0.0,0.0,-0.9183082539640001,0.395866076726,0.0,0.0,-0.0232128790515,0.0,0.0,0.0
638,0.0,0.0,-0.918584396813,0.39522488020400004,0.0,0.0,-0.0268780704807,0.0,0.0,0.0
639,0.0,0.0,-0.918722300355,0.39490420968900003,0.0,0.0,-0.0198967534727,0.0,0.0,0.0
640,0.0,0.0,-0.9191009578389999,0.394022117781,0.0,0.0,-0.0293215314335,0.0,0.0,0.0
641,0.0,0.0,-0.919307141339,0.39354082365500004,0.0,0.0,-0.0204203522483,0.0,0.0,0.0
642,0.0,0.0,-0.919375813168,0.393380368297,0.0,0.0,-0.017278759594700002,0.0,0.0,0.0
643,0.0,0.0,-0.919684489797,0.392658170968,0.0,0.0,-0.0303687289847,0.0,0.0,0.0
644,0.0,0.0,-0.919787255947,0.39241738467799997,0.0,0.0,-0.026529004630299998,0.0,0.0,0.0
645,0.0,0.0,-0.9199925991169999,0.391935731427,0.0,0.0,-0.010646508437200001,0.0,0.0,0.0
646,0.0,0.0,-0.920026798459,0.391855445435,0.0,0.0,-0.008028514559169999,0.0,0.0,0.0
647,0.0,0.0,-0.920265997657,0.391293359969,0.0,0.0,-0.036302848441499995,0.0,0.0,0.0
648,0.0,0.0,-0.9206071150759999,0.390490127495,0.0,0.0,-0.0298451302091,0.0,0.0,0.0
649,0.0,0.0,-0.920709313603,0.390249099737,0.0,0.0,-0.0226892802759,0.0,0.0,0.0
650,0.0,0.0,-0.920879504245,0.389847327376,0.0,0.0,-0.012042771838799999,0.0,0.0,0.0
651,0.0,0.0,-0.9209475314129999,0.389686597645,0.0,0.0,-0.0219911485751,0.0,0.0,0.0
652,0.0,0.0,-0.9212533064759999,0.38896316703100003,0.0,0.0,-0.0178023583703,0.0,0.0,0.0
653,0.0,0.0,-0.9214229359720001,0.388561157431,0.0,0.0,-0.0164060949687,0.0,0.0,0.0
654,0.0,0.0,-0.921524629468,0.388319916157,0.0,0.0,-0.004014257279590001,0.0,0.0,0.0
655,0.0,0.0,-0.921795503319,0.387676476022,0.0,0.0,-0.0324631240871,0.0,0.0,0.0
656,0.0,0.0,-0.9220659278990001,0.387032846937,0.0,0.0,-0.0125663706144,0.0,0.0,0.0
657,0.0,0.0,-0.922437027877,0.386147549004,0.0,0.0,-0.050090949532199995,0.0,0.0,0.0
658,0.0,0.0,-0.922773653903,0.385342423908,0.0,0.0,-0.0178023583703,0.0,0.0,0.0
659,0.0,0.0,-0.9229752922229999,0.384859207953,0.0,0.0,-0.014137166941200001,0.0,0.0,0.0
660,0.0,0.0,-0.923277275238,0.384134186228,0.0,0.0,-0.0256563400043,0.0,0.0,0.0
661,0.0,0.0,-0.9234447975010001,0.383731293965,0.0,0.0,-0.0268780704807,0.0,0.0,0.0
662,0.0,0.0,-0.923779314563,0.382925290344,0.0,0.0,-0.0202458193231,0.0,0.0,0.0
663,0.0,0.0,-0.923846133564,0.38276405460699997,0.0,0.0,-0.0188495559215,0.0,0.0,0.0
664,0.0,0.0,-0.923946309298,0.38252217914000003,0.0,0.0,-0.0115191730632,0.0,0.0,0.0
665,0.0,0.0,-0.9239796871379999,0.38244154815700004,0.0,0.0,-0.0101229096616,0.0,0.0,0.0
666,0.0,0.0,-0.9241131281270001,0.382118995109,0.0,0.0,-0.03473205211469999,0.0,0.0,0.0
667,0.0,0.0,-0.9243130784799999,0.381635078249,0.0,0.0,-0.0144862327916,0.0,0.0,0.0
668,0.0,0.0,-0.9244462379389999,0.38131240887400003,0.0,0.0,-0.029496064358700003,0.0,0.0,0.0
669,0.0,0.0,-0.924612528858,0.380909006823,0.0,0.0,-0.014660765716799999,0.0,0.0,0.0
670,0.0,0.0,-0.924678995938,0.380747625693,0.0,0.0,-0.020943951023900002,0.0,0.0,0.0
671,0.0,0.0,-0.9251434767010001,0.37961763330700005,0.0,0.0,-0.028274333882299996,0.0,0.0,0.0
672,0.0,0.0,-0.92524282866,0.379375418305,0.0,0.0,-0.0216420827247,0.0,0.0,0.0
673,0.0,0.0,-0.925408274331,0.37897166886,0.0,0.0,-0.0115191730632,0.0,0.0,0.0
674,0.0,0.0,-0.9256396022750001,0.378406298442,0.0,0.0,-0.0324631240871,0.0,0.0,0.0
675,0.0,0.0,-0.925969471566,0.37759838152099995,0.0,0.0,-0.0244346095279,0.0,0.0,0.0
676,0.0,0.0,-0.9260353608130001,0.37743676361,0.0,0.0,0.00733038285838,0.0,0.0,0.0
677,0.0,0.0,-0.926068294858,0.377355950342,0.0,0.0,-0.0237364778271,0.0,0.0,0.0
678,0.0,0.0,-0.926462953239,0.376385967161,0.0,0.0,-0.0291469985083,0.0,0.0,0.0
679,0.0,0.0,-0.926758280312,0.375658208847,0.0,0.0,-0.0240855436775,0.0,0.0,0.0
680,0.0,0.0,-0.926987583926,0.37509201437399997,0.0,0.0,-0.0303687289847,0.0,0.0,0.0
681,0.0,0.0,-0.927249221629,0.374444763601,0.0,0.0,-0.00855211333477,0.0,0.0,0.0
682,0.0,0.0,-0.927445153335,0.37395920573799996,0.0,0.0,-0.0162315620435,0.0,0.0,0.0
683,0.0,0.0,-0.927608235528,0.373554495863,0.0,0.0,-0.0181514242207,0.0,0.0,0.0
684,0.0,0.0,-0.9278687996899999,0.372906812168,0.0,0.0,-0.0204203522483,0.0,0.0,0.0
685,0.0,0.0,-0.9281613938079999,0.372177950778,0.0,0.0,-0.021816615649900003,0.0,0.0,0.0
686,0.0,0.0,-0.9282912518709999,0.371853938664,0.0,0.0,-0.0198967534727,0.0,0.0,0.0
687,0.0,0.0,-0.928680147341,0.370881630624,0.0,0.0,-0.0286233997327,0.0,0.0,0.0
688,0.0,0.0,-0.9287772120990001,0.37063849002300003,0.0,0.0,-0.0303687289847,0.0,0.0,0.0
689,0.0,0.0,-0.9289388452299999,0.370233199244,0.0,0.0,-0.005759586531579999,0.0,0.0,0.0
690,0.0,0.0,-0.9289388452299999,0.370233199244,0.0,0.0,0.00244346095279,0.0,0.0,0.0
691,0.0,0.0,-0.929229339167,0.369503498267,0.0,0.0,-0.0404916386463,0.0,0.0,0.0
692,0.0,0.0,-0.929390477022,0.369098010319,0.0,0.0,-0.0380481776935,0.0,0.0,0.0
693,0.0,0.0,-0.929680079244,0.368367954981,0.0,0.0,-0.0225147473507,0.0,0.0,0.0
694,0.0,0.0,-0.929712221872,0.368286823687,0.0,0.0,0.00837758040957,0.0,0.0,0.0
695,0.0,0.0,-0.929712221872,0.368286823687,0.0,0.0,-0.00244346095279,0.0,0.0,0.0
696,0.0,0.0,-0.930129431657,0.36723186185999995,0.0,0.0,-0.0310668606855,0.0,0.0,0.0
697,0.0,0.0,-0.930225540858,0.366988341962,0.0,0.0,-0.026354471705099997,0.0,0.0,0.0
698,0.0,0.0,-0.930385581174,0.366582419579,0.0,0.0,0.000349065850399,0.0,0.0,0.0
699,0.0,0.0,-0.9305134858930001,0.366257631418,0.0,0.0,-0.0207694180987,0.0,0.0,0.0
700,0.0,0.0,-0.9306732073489999,0.365851583464,0.0,0.0,-0.010471975512,0.0,0.0,0.0
701,0.0,0.0,-0.930864639207,0.36536423398400003,0.0,0.0,-0.010646508437200001,0.0,0.0,0.0
702,0.0,0.0,-0.9309921186700001,0.365039278674,0.0,0.0,-0.026005405854700004,0.0,0.0,0.0
703,0.0,0.0,-0.931373876365,0.364064146031,0.0,0.0,-0.0488692190558,0.0,0.0,0.0
704,0.0,0.0,-0.931596096708,0.36349513421499996,0.0,0.0,-0.014660765716799999,0.0,0.0,0.0
705,0.0,0.0,-0.931754612695,0.363088614146,0.0,0.0,-0.005759586531579999,0.0,0.0,0.0
706,0.0,0.0,-0.932007869283,0.362438038284,0.0,0.0,-0.0404916386463,0.0,0.0,0.0
707,0.0,0.0,-0.932165923985,0.362031338646,0.0,0.0,0.0020943951023900003,0.0,0.0,0.0
708,0.0,0.0,-0.9322922399690001,0.361705929305,0.0,0.0,-0.0115191730632,0.0,0.0,0.0
709,0.0,0.0,-0.932481500945,0.36121773266999996,0.0,0.0,-0.027925268031900003,0.0,0.0,0.0
710,0.0,0.0,-0.932639023143,0.360810826488,0.0,0.0,-0.0012217304764,0.0,0.0,0.0
711,0.0,0.0,-0.932639023143,0.360810826488,0.0,0.0,0.000698131700798,0.0,0.0,0.0
712,0.0,0.0,-0.932733451234,0.36056664979999997,0.0,0.0,-0.0207694180987,0.0,0.0,0.0
713,0.0,0.0,-0.93279636778,0.360403851612,0.0,0.0,-0.0237364778271,0.0,0.0,0.0
714,0.0,0.0,-0.933079140576,0.359671123975,0.0,0.0,-0.0165806278939,0.0,0.0,0.0
715,0.0,0.0,-0.93311052425,0.35958969608999997,0.0,0.0,-0.00523598775598,0.0,0.0,0.0
716,0.0,0.0,-0.93311052425,0.35958969608999997,0.0,0.0,-0.013089969390000001,0.0,0.0,0.0
717,0.0,0.0,-0.9333300109839999,0.359019624251,0.0,0.0,-0.0165806278939,0.0,0.0,0.0
718,0.0,0.0,-0.933392657513,0.35885672196699997,0.0,0.0,-0.0193731546971,0.0,0.0,0.0
719,0.0,0.0,-0.933549149439,0.358449418442,0.0,0.0,0.0010471975512,0.0,0.0,0.0
720,0.0,0.0,-0.933580426497,0.35836794954499995,0.0,0.0,-0.0230383461263,0.0,0.0,0.0
721,0.0,0.0,-0.9363049394149999,0.35118806988000006,0.0,0.0,-0.38467056714000003,0.0,0.0,0.0
722,0.0,0.0,-0.9396329126980001,0.342184145417,0.0,0.0,-0.25429447201600003,0.0,0.0,0.0
723,0.0,0.0,-0.9419109947550001,0.33586258791199997,0.0,0.0,-0.237015712421,0.0,0.0,0.0
724,0.0,0.0,-0.9448917874680001,0.327382818692,0.0,0.0,-0.28867745828,0.0,0.0,0.0
725,0.0,0.0,-0.947935286788,0.318463015219,0.0,0.0,-0.508938009882,0.0,0.0,0.0
726,0.0,0.0,-0.9543185845100001,0.298790962477,0.0,0.0,-0.61662482473,0.0,0.0,0.0
727,0.0,0.0,-0.958844516232,0.283931670816,0.0,0.0,-0.5066690818540001,0.0,0.0,0.0
728,0.0,0.0,-0.963373478846,0.26816327164000003,0.0,0.0,-0.513126800086,0.0,0.0,0.0
729,0.0,0.0,-0.9680382993340001,0.250802414306,0.0,0.0,-0.548731516827,0.0,0.0,0.0
730,0.0,0.0,-0.9718171790979999,0.23573580638099997,0.0,0.0,-0.561821486217,0.0,0.0,0.0
731,0.0,0.0,-0.975935794812,0.218058075762,0.0,0.0,-0.565486677646,0.0,0.0,0.0
732,0.0,0.0,-0.97913423476,0.203214542593,0.0,0.0,-0.568802803225,0.0,0.0,0.0
733,0.0,0.0,-0.982726030484,0.185066336782,0.0,0.0,-0.577005850709,0.0,0.0,0.0
734,0.0,0.0,-0.9854375906370001,0.170037510451,0.0,0.0,-0.5185373207680001,0.0,0.0,0.0
735,0.0,0.0,-0.9882683991779999,0.152727113459,0.0,0.0,-0.562170552067,0.0,0.0,0.0
736,0.0,0.0,-0.989054525882,0.14755048232,0.0,0.0,-0.5684537373749999,0.0,0.0,0.0
737,0.0,0.0,-0.9913076310700001,0.13156435909199998,0.0,0.0,-0.571769862953,0.0,0.0,0.0
738,0.0,0.0,-0.993591598232,0.113029801042,0.0,0.0,-0.55990162404,0.0,0.0,0.0
739,0.0,0.0,-0.994150963972,0.10799935570599999,0.0,0.0,-0.548906049752,0.0,0.0,0.0
740,0.0,0.0,-0.995724698185,0.09237058744660001,0.0,0.0,-0.570548132477,0.0,0.0,0.0
741,0.0,0.0,-0.9973080821889999,0.0733252289552,0.0,0.0,-0.589397688398,0.0,0.0,0.0
742,0.0,0.0,-0.9983668386229999,0.057128412699699996,0.0,0.0,-0.581369173839,0.0,0.0,0.0
743,0.0,0.0,-0.998776110362,0.0494598965924,0.0,0.0,-0.539481271791,0.0,0.0,0.0
744,0.0,0.0,-0.999225606371,0.0393470147928,0.0,0.0,-0.563566815469,0.0,0.0,0.0
745,0.0,0.0,-0.999712055165,0.023995973777400002,0.0,0.0,-0.53808500839,0.0,0.0,0.0
746,0.0,0.0,-0.999984403629,0.00558502457083,0.0,0.0,-0.573864258056,0.0,0.0,0.0
747,0.0,0.0,0.9999356502600001,0.011344396795399999,0.0,0.0,-0.6044075199660001,0.0,0.0,0.0
748,0.0,0.0,0.999528245637,0.0307129642653,0.0,0.0,-0.6051056516659999,0.0,0.0,0.0
749,0.0,0.0,0.998934633679,0.046147563708300005,0.0,0.0,-0.5597270911150001,0.0,0.0,0.0
750,0.0,0.0,0.9979492705159999,0.064009792035,0.0,0.0,-0.540877535193,0.0,0.0,0.0
751,0.0,0.0,0.996834624954,0.07950302190769999,0.0,0.0,-0.577878515335,0.0,0.0,0.0
752,0.0,0.0,0.9961412718129999,0.08776426716,0.0,0.0,-0.59114301765,0.0,0.0,0.0
753,0.0,0.0,0.9946488587219999,0.10331334785,0.0,0.0,-0.571420797103,0.0,0.0,0.0
754,0.0,0.0,0.9925674067370001,0.12169610956700001,0.0,0.0,-0.570897198327,0.0,0.0,0.0
755,0.0,0.0,0.99191660444,0.126891488428,0.0,0.0,-0.5674065398229999,0.0,0.0,0.0
756,0.0,0.0,0.9897637804170001,0.142715307433,0.0,0.0,-0.588175957922,0.0,0.0,0.0
757,0.0,0.0,0.986869815243,0.161517701081,0.0,0.0,-0.597251670032,0.0,0.0,0.0
758,0.0,0.0,0.98592317662,0.167198952759,0.0,0.0,-0.624827872214,0.0,0.0,0.0
759,0.0,0.0,0.9824015321799999,0.18678123452599998,0.0,0.0,-0.607200046769,0.0,0.0,0.0
760,0.0,0.0,0.979240503423,0.20270184127399998,0.0,0.0,-0.540353936417,0.0,0.0,0.0
761,0.0,0.0,0.978220116011,0.207570240234,0.0,0.0,-0.5361651462129999,0.0,0.0,0.0
762,0.0,0.0,0.9742127818880001,0.2256312381,0.0,0.0,-0.5665338751969999,0.0,0.0,0.0
763,0.0,0.0,0.972997892002,0.230813999056,0.0,0.0,-0.575260521457,0.0,0.0,0.0
764,0.0,0.0,0.96918793309,0.246322451985,0.0,0.0,-0.570897198327,0.0,0.0,0.0
765,0.0,0.0,0.964372965275,0.264546373717,0.0,0.0,-0.576133186083,0.0,0.0,0.0
766,0.0,0.0,0.9600742704180001,0.279745232811,0.0,0.0,-0.551698576555,0.0,0.0,0.0
767,0.0,0.0,0.954760799503,0.297374874078,0.0,0.0,-0.573515192205,0.0,0.0,0.0
768,0.0,0.0,0.950081019101,0.312003296688,0.0,0.0,-0.48136180770000003,0.0,0.0,0.0
769,0.0,0.0,0.9474897046549999,0.31978627170699997,0.0,0.0,-0.24102996969999999,0.0,0.0,0.0
770,0.0,0.0,0.94534797891,0.326063182175,0.0,0.0,-0.242251700177,0.0,0.0,0.0
771,0.0,0.0,0.9418523613299998,0.33602697727700004,0.0,0.0,-0.319918851891,0.0,0.0,0.0
772,0.0,0.0,0.9388841471320001,0.34423329046499995,0.0,0.0,-0.31747539093800003,0.0,0.0,0.0
773,0.0,0.0,0.9351661238510001,0.35420943070699995,0.0,0.0,-0.332136156655,0.0,0.0,0.0
774,0.0,0.0,0.932071112458,0.36227536670500005,0.0,0.0,-0.28902652413,0.0,0.0,0.0
775,0.0,0.0,0.9292938155399999,0.36934131152500005,0.0,0.0,-0.11833332328500001,0.0,0.0,0.0
776,0.0,0.0,0.9292615808920001,0.369422406303,0.0,0.0,0.027227136331099997,0.0,0.0,0.0
777,0.0,0.0,0.9291325715340001,0.36974675727399997,0.0,0.0,-0.0539306738866,0.0,0.0,0.0
778,0.0,0.0,0.9290680244,0.369908915867,0.0,0.0,-0.014137166941200001,0.0,0.0,0.0
779,0.0,0.0,0.928680147341,0.370881630624,0.0,0.0,-0.0528834763354,0.0,0.0,0.0
780,0.0,0.0,0.928420996825,0.371529881241,0.0,0.0,-0.0193731546971,0.0,0.0,0.0
781,0.0,0.0,0.928356138488,0.371691915613,0.0,0.0,-0.0132645023152,0.0,0.0,0.0
782,0.0,0.0,0.927998912192,0.372582902144,0.0,0.0,-0.027052603405900003,0.0,0.0,0.0
783,0.0,0.0,0.927771141119,0.37314971487,0.0,0.0,-0.0191986217719,0.0,0.0,0.0
784,0.0,0.0,0.9275756332170001,0.37363544353,0.0,0.0,-0.023561944901900004,0.0,0.0,0.0
785,0.0,0.0,0.927249221629,0.374444763601,0.0,0.0,-0.0322885911619,0.0,0.0,0.0
786,0.0,0.0,0.9268893533,0.375334686299,0.0,0.0,-0.0226892802759,0.0,0.0,0.0
787,0.0,0.0,0.926659901464,0.375900820721,0.0,0.0,-0.0267035375555,0.0,0.0,0.0
788,0.0,0.0,0.9261341417910001,0.37719431518700003,0.0,0.0,-0.0354301838155,0.0,0.0,0.0
789,0.0,0.0,0.925969471566,0.37759838152099995,0.0,0.0,-0.00977384381117,0.0,0.0,0.0
790,0.0,0.0,0.925771634595,0.37808316622,0.0,0.0,-0.0267035375555,0.0,0.0,0.0
791,0.0,0.0,0.9253751992910001,0.379052424524,0.0,0.0,-0.0338593874887,0.0,0.0,0.0
792,0.0,0.0,0.925010908789,0.37994054616800005,0.0,0.0,-0.0274016692563,0.0,0.0,0.0
793,0.0,0.0,0.9249114088879999,0.380182700434,0.0,0.0,-0.0219911485751,0.0,0.0,0.0
794,0.0,0.0,0.924645765919,0.380828317708,0.0,0.0,-0.0403171057211,0.0,0.0,0.0
795,0.0,0.0,0.9240464217059999,0.382280277456,0.0,0.0,-0.030892327760299997,0.0,0.0,0.0
796,0.0,0.0,0.923946309298,0.38252217914000003,0.0,0.0,-0.0298451302091,0.0,0.0,0.0
797,0.0,0.0,0.923779314563,0.382925290344,0.0,0.0,-0.010471975512,0.0,0.0,0.0
798,0.0,0.0,0.923545226472,0.383489523534,0.0,0.0,-0.0331612557879,0.0,0.0,0.0
799,0.0,0.0,0.923377809692,0.38389245964100005,0.0,0.0,-0.049043751981,0.0,0.0,0.0
800,0.0,0.0,0.923042448768,0.384698112514,0.0,0.0,-0.00872664625997,0.0,0.0,0.0
801,0.0,0.0,0.922908107562,0.385020291668,0.0,0.0,-0.00244346095279,0.0,0.0,0.0
802,0.0,0.0,0.922470722095,0.38606704971699995,0.0,0.0,-0.063879050623,0.0,0.0,0.0
803,0.0,0.0,0.9221334638299998,0.38687191017899997,0.0,0.0,-0.0038397243543899996,0.0,0.0,0.0
804,0.0,0.0,0.9218293309639999,0.387596032713,0.0,0.0,-0.0310668606855,0.0,0.0,0.0
805,0.0,0.0,0.9217278269700001,0.387837353782,0.0,0.0,-0.0244346095279,0.0,0.0,0.0
806,0.0,0.0,0.9214229359720001,0.388561157431,0.0,0.0,-0.0322885911619,0.0,0.0,0.0
807,0.0,0.0,0.9213890241060001,0.388641565272,0.0,0.0,-0.0038397243543899996,0.0,0.0,0.0
808,0.0,0.0,0.921049519564,0.38944548079400004,0.0,0.0,-0.0331612557879,0.0,0.0,0.0
809,0.0,0.0,0.9206071150759999,0.390490127495,0.0,0.0,-0.0342084533391,0.0,0.0,0.0
810,0.0,0.0,0.920300140941,0.39121305012100005,0.0,0.0,-0.0102974425868,0.0,0.0,0.0
811,0.0,0.0,0.920265997657,0.391293359969,0.0,0.0,-0.0160570291183,0.0,0.0,0.0
812,0.0,0.0,0.9199241794159999,0.392096294456,0.0,0.0,-0.0300196631343,0.0,0.0,0.0
813,0.0,0.0,0.919513072807,0.393059421637,0.0,0.0,-0.0312413936107,0.0,0.0,0.0
814,0.0,0.0,0.919410138581,0.39330013612400005,0.0,0.0,-0.0186750229963,0.0,0.0,0.0
815,0.0,0.0,0.9192727949230001,0.393621046838,0.0,0.0,-0.021118483949099997,0.0,0.0,0.0
816,0.0,0.0,0.91882565455,0.394663675223,0.0,0.0,-0.052534410484999995,0.0,0.0,0.0
817,0.0,0.0,0.9186533625759999,0.395064550964,0.0,0.0,-0.0504400153826,0.0,0.0,0.0
818,0.0,0.0,0.9182737046349999,0.39594621273100006,0.0,0.0,-0.0181514242207,0.0,0.0,0.0
819,0.0,0.0,0.918031663543,0.396507080307,0.0,0.0,-0.0158824961931,0.0,0.0,0.0
820,0.0,0.0,0.9179970582770001,0.39658719217200006,0.0,0.0,-0.009250245035569999,0.0,0.0,0.0
821,0.0,0.0,0.9174771405230001,0.397788507398,0.0,0.0,-0.05654866776459999,0.0,0.0,0.0
822,0.0,0.0,0.917199208195,0.39842893028399995,0.0,0.0,-0.022340214425499997,0.0,0.0,0.0
823,0.0,0.0,0.9169904655760001,0.398909120029,0.0,0.0,-0.008901179185170001,0.0,0.0,0.0
824,0.0,0.0,0.9166768802959999,0.399629199548,0.0,0.0,-0.0373500459927,0.0,0.0,0.0
825,0.0,0.0,0.916432589693,0.400189090992,0.0,0.0,-0.014660765716799999,0.0,0.0,0.0
826,0.0,0.0,0.916083009922,0.400988676813,0.0,0.0,-0.0312413936107,0.0,0.0,0.0
827,0.0,0.0,0.9157677916410001,0.40170804297799995,0.0,0.0,-0.030892327760299997,0.0,0.0,0.0
828,0.0,0.0,0.9155924262720001,0.402107583804,0.0,0.0,-0.0050614548307799994,0.0,0.0,0.0
829,0.0,0.0,0.9152411726209999,0.40290643571400003,0.0,0.0,-0.028972465583099998,0.0,0.0,0.0
830,0.0,0.0,0.915170838243,0.403066169295,0.0,0.0,-0.0167551608191,0.0,0.0,0.0
831,0.0,0.0,0.914924448395,0.40362514010899997,0.0,0.0,-0.0394444410951,0.0,0.0,0.0
832,0.0,0.0,0.9145718706810001,0.404423408521,0.0,0.0,-0.013089969390000001,0.0,0.0,0.0
833,0.0,0.0,0.9145365745980001,0.404503218432,0.0,0.0,-0.014311699866400001,0.0,0.0,0.0
834,0.0,0.0,0.914289307026,0.405061801529,0.0,0.0,-0.010471975512,0.0,0.0,0.0
835,0.0,0.0,0.9142185964799999,0.40522136894599997,0.0,0.0,-0.023561944901900004,0.0,0.0,0.0
836,0.0,0.0,0.913900054426,0.405939269498,0.0,0.0,-0.0179768912955,0.0,0.0,0.0
837,0.0,0.0,0.9136164326639999,0.406577193121,0.0,0.0,-0.0261799387799,0.0,0.0,0.0
838,0.0,0.0,0.913509959696,0.406816363407,0.0,0.0,-0.0254818070791,0.0,0.0,0.0
839,0.0,0.0,0.913225725703,0.407454014479,0.0,0.0,-0.026005405854700004,0.0,0.0,0.0
840,0.0,0.0,0.912798540202,0.408410118636,0.0,0.0,-0.029670597283900004,0.0,0.0,0.0
841,0.0,0.0,0.912691587404,0.408649074736,0.0,0.0,-0.0253072741539,0.0,0.0,0.0
842,0.0,0.0,0.912370353707,0.40936577492200005,0.0,0.0,-0.0197222205475,0.0,0.0,0.0
843,0.0,0.0,0.9121558852320001,0.409843434785,0.0,0.0,-0.0256563400043,0.0,0.0,0.0
844,0.0,0.0,0.911726198124,0.410798417298,0.0,0.0,-0.0277507351067,0.0,0.0,0.0
845,0.0,0.0,0.911618620107,0.411037092578,0.0,0.0,-0.00244346095279,0.0,0.0,0.0
846,0.0,0.0,0.9115109796080001,0.41127573968599995,0.0,0.0,-0.0181514242207,0.0,0.0,0.0
847,0.0,0.0,0.9112595755030001,0.411832473288,0.0,0.0,-0.029496064358700003,0.0,0.0,0.0
848,0.0,0.0,0.910863824921,0.41270702980400004,0.0,0.0,-0.0219911485751,0.0,0.0,0.0
849,0.0,0.0,0.910647607176,0.413183900393,0.0,0.0,-0.011344640138,0.0,0.0,0.0
850,0.0,0.0,0.910467235008,0.413581206025,0.0,0.0,-0.0226892802759,0.0,0.0,0.0
851,0.0,0.0,0.910178279005,0.414216731225,0.0,0.0,-0.0178023583703,0.0,0.0,0.0
852,0.0,0.0,0.910069806128,0.41445500114399997,0.0,0.0,-0.00837758040957,0.0,0.0,0.0
853,0.0,0.0,0.909961270877,0.41469324265600005,0.0,0.0,-0.029670597283900004,0.0,0.0,0.0
854,0.0,0.0,0.9096352909440001,0.415407796592,0.0,0.0,-0.0261799387799,0.0,0.0,0.0
855,0.0,0.0,0.909345059943,0.416042740541,0.0,0.0,-0.0125663706144,0.0,0.0,0.0
856,0.0,0.0,0.909308749903,0.416122094283,0.0,0.0,-0.012042771838799999,0.0,0.0,0.0
857,0.0,0.0,0.908945268678,0.416915457315,0.0,0.0,-0.03403392041390001,0.0,0.0,0.0
858,0.0,0.0,0.908836089319,0.41715340434,0.0,0.0,-0.0286233997327,0.0,0.0,0.0
859,0.0,0.0,0.908508177527,0.41786707380099997,0.0,0.0,-0.0303687289847,0.0,0.0,0.0
860,0.0,0.0,0.908435232127,0.418025632026,0.0,0.0,-0.0164060949687,0.0,0.0,0.0
861,0.0,0.0,0.908289258312,0.418342710268,0.0,0.0,-0.0383972435439,0.0,0.0,0.0
862,0.0,0.0,0.908106635413,0.418738986386,0.0,0.0,-0.0466002910282,0.0,0.0,0.0
863,0.0,0.0,0.907704256508,0.419610513116,0.0,0.0,-0.024609142453099996,0.0,0.0,0.0
864,0.0,0.0,0.90744776169,0.420164919768,0.0,0.0,-0.00680678408278,0.0,0.0,0.0
865,0.0,0.0,0.907227639472,0.420640000688,0.0,0.0,-0.0354301838155,0.0,0.0,0.0
866,0.0,0.0,0.9069337562909999,0.421273262504,0.0,0.0,-0.0287979326579,0.0,0.0,0.0
867,0.0,0.0,0.9068234361299999,0.421510682766,0.0,0.0,0.0197222205475,0.0,0.0,0.0
868,0.0,0.0,0.9067866489299999,0.421589816435,0.0,0.0,-0.0191986217719,0.0,0.0,0.0
869,0.0,0.0,0.90649210276,0.42222277015,0.0,0.0,-0.029496064358700003,0.0,0.0,0.0
870,0.0,0.0,0.906123298765,0.423013672871,0.0,0.0,-0.0216420827247,0.0,0.0,0.0
871,0.0,0.0,0.90593863798,0.42340900346500004,0.0,0.0,0.004363323129989999,0.0,0.0,0.0
872,0.0,0.0,0.905642821984,0.424041364714,0.0,0.0,-0.036128315516300004,0.0,0.0,0.0
873,0.0,0.0,0.905420670312,0.424515500038,0.0,0.0,-0.00820304748437,0.0,0.0,0.0
874,0.0,0.0,0.905383620898,0.424594511281,0.0,0.0,-0.0132645023152,0.0,0.0,0.0
875,0.0,0.0,0.9051611796340001,0.42506851081200003,0.0,0.0,-0.0274016692563,0.0,0.0,0.0
876,0.0,0.0,0.9050498659399999,0.42530546688500004,0.0,0.0,-0.026354471705099997,0.0,0.0,0.0
877,0.0,0.0,0.904827052466,0.425779291565,0.0,0.0,-0.0125663706144,0.0,0.0,0.0
878,0.0,0.0,0.904566789893,0.42633193948299997,0.0,0.0,-0.0342084533391,0.0,0.0,0.0
879,0.0,0.0,0.904455145454,0.42656873990099997,0.0,0.0,-0.0261799387799,0.0,0.0,0.0
880,0.0,0.0,0.904119840227,0.42727896567400003,0.0,0.0,-0.0191986217719,0.0,0.0,0.0
881,0.0,0.0,0.9040079478730001,0.42751564904899997,0.0,0.0,-0.0158824961931,0.0,0.0,0.0
882,0.0,0.0,0.903933318548,0.42767342168899997,0.0,0.0,-0.0178023583703,0.0,0.0,0.0
883,0.0,0.0,0.903634525916,0.428304381921,0.0,0.0,-0.0230383461263,0.0,0.0,0.0
884,0.0,0.0,0.9035223651250001,0.42854093820600003,0.0,0.0,-0.0342084533391,0.0,0.0,0.0
885,0.0,0.0,0.903260415802,0.42909278861999994,0.0,0.0,-0.009599310885969999,0.0,0.0,0.0
886,0.0,0.0,0.903148048619,0.42932924693700003,0.0,0.0,-0.0190240888467,0.0,0.0,0.0
887,0.0,0.0,0.90273550608,0.430196008887,0.0,0.0,-0.0342084533391,0.0,0.0,0.0
888,0.0,0.0,0.9025101322419999,0.4306686211,0.0,0.0,0.00296705972839,0.0,0.0,0.0
889,0.0,0.0,0.9025852843500001,0.430511096808,0.0,0.0,-0.00157079632679,0.0,0.0,0.0
890,0.0,0.0,0.902284510975,0.431141115244,0.0,0.0,-0.0226892802759,0.0,0.0,0.0
891,0.0,0.0,0.9019079258589999,0.431928342753,0.0,0.0,-0.0343829862643,0.0,0.0,0.0
892,0.0,0.0,0.901681645086,0.432400521409,0.0,0.0,-0.0178023583703,0.0,0.0,0.0
893,0.0,0.0,0.901492888939,0.432793913073,0.0,0.0,-0.0033161255787899995,0.0,0.0,0.0
894,0.0,0.0,0.901455117112,0.43287258151999997,0.0,0.0,-0.00872664625997,0.0,0.0,0.0
895,0.0,0.0,0.901266155011,0.43326587429799995,0.0,0.0,-0.022863813201099998,0.0,0.0,0.0
896,0.0,0.0,0.9010770213220001,0.433659084588,0.0,0.0,-0.011344640138,0.0,0.0,0.0
897,0.0,0.0,0.900963458761,0.433894971136,0.0,0.0,-0.0240855436775,0.0,0.0,0.0
898,0.0,0.0,0.900736148394,0.434366655001,0.0,0.0,-0.0202458193231,0.0,0.0,0.0
899,0.0,0.0,0.900546534449,0.434759633927,0.0,0.0,-0.00610865238198,0.0,0.0,0.0
900,0.0,0.0,0.900470640862,0.434916802325,0.0,0.0,-0.0167551608191,0.0,0.0,0.0
901,0.0,0.0,0.9002807868960001,0.435309665349,0.0,0.0,-0.0207694180987,0.0,0.0,0.0
902,0.0,0.0,0.9001667922409999,0.435545343388,0.0,0.0,-0.0249582083035,0.0,0.0,0.0
903,0.0,0.0,0.900014703397,0.435859534333,0.0,0.0,-0.012391837689200002,0.0,0.0,0.0
904,0.0,0.0,0.89997666405,0.43593807377300003,0.0,0.0,-0.010821041362399999,0.0,0.0,0.0
905,0.0,0.0,0.8997101967360001,0.436487756861,0.0,0.0,-0.0317649923863,0.0,0.0,0.0
906,0.0,0.0,0.899557778955,0.436801788368,0.0,0.0,-0.0314159265359,0.0,0.0,0.0
907,0.0,0.0,0.899367102595,0.437194252901,0.0,0.0,-0.00366519142919,0.0,0.0,0.0
908,0.0,0.0,0.899252614588,0.437429691673,0.0,0.0,-0.0116937059884,0.0,0.0,0.0
909,0.0,0.0,0.898870542808,0.438214270959,0.0,0.0,-0.022863813201099998,0.0,0.0,0.0
910,0.0,0.0,0.8986026852500001,0.438763277932,0.0,0.0,-0.013788101090799998,0.0,0.0,0.0
911,0.0,0.0,0.8985260929250001,0.438920107004,0.0,0.0,-0.004014257279590001,0.0,0.0,0.0
912,0.0,0.0,0.8982961517370001,0.439390513978,0.0,0.0,-0.03403392041390001,0.0,0.0,0.0
913,0.0,0.0,0.898104345953,0.43978242777599996,0.0,0.0,-0.00942477796077,0.0,0.0,0.0
914,0.0,0.0,0.897835530605,0.44033096641400005,0.0,0.0,-0.00750491578358,0.0,0.0,0.0
915,0.0,0.0,0.897527902827,0.44095766650300006,0.0,0.0,-0.0249582083035,0.0,0.0,0.0
916,0.0,0.0,0.897527902827,0.44095766650300006,0.0,0.0,0.00523598775598,0.0,0.0,0.0
917,0.0,0.0,0.897527902827,0.44095766650300006,0.0,0.0,0.0207694180987,0.0,0.0,0.0
918,0.0,0.0,0.8976048507879999,0.440801011617,0.0,0.0,0.00471238898038,0.0,0.0,0.0
919,0.0,0.0,0.897258369674,0.44150585279200005,0.0,0.0,-0.052534410484999995,0.0,0.0,0.0
920,0.0,0.0,0.8970270747669999,0.441975595633,0.0,0.0,0.0050614548307799994,0.0,0.0,0.0
921,0.0,0.0,0.897104200397,0.441819028143,0.0,0.0,0.022340214425499997,0.0,0.0,0.0
922,0.0,0.0,0.897065640998,0.44189731357100004,0.0,0.0,-0.0185004900711,0.0,0.0,0.0
923,0.0,0.0,0.89675691989,0.44252347579400003,0.0,0.0,-0.0404916386463,0.0,0.0,0.0
924,0.0,0.0,0.896641036785,0.442758231039,0.0,0.0,-0.0232128790515,0.0,0.0,0.0
925,0.0,0.0,0.896447761714,0.443149422337,0.0,0.0,-0.0185004900711,0.0,0.0,0.0
926,0.0,0.0,0.896447761714,0.443149422337,0.0,0.0,-0.00558505360638,0.0,0.0,0.0
927,0.0,0.0,0.8964090862190001,0.443227650474,0.0,0.0,-0.0125663706144,0.0,0.0,0.0
928,0.0,0.0,0.8962930187729999,0.44346231463200003,0.0,0.0,-0.0188495559215,0.0,0.0,0.0
929,0.0,0.0,0.896138166621,0.443775152893,0.0,0.0,-0.013962634016,0.0,0.0,0.0
930,0.0,0.0,0.8960606995970001,0.443931551749,0.0,0.0,-0.0321140582367,0.0,0.0,0.0
931,0.0,0.0,0.895711760239,0.444635179185,0.0,0.0,0.0207694180987,0.0,0.0,0.0
932,0.0,0.0,0.8957893500749999,0.44447884122000003,0.0,0.0,0.0165806278939,0.0,0.0,0.0
933,0.0,0.0,0.89567295509,0.444713343089,0.0,0.0,-0.007679448708779999,0.0,0.0,0.0
934,0.0,0.0,0.895401128071,0.445260395554,0.0,0.0,-0.0178023583703,0.0,0.0,0.0
935,0.0,0.0,0.895439980961,0.44518225536899997,0.0,0.0,0.0,0.0,0.0,0.0
936,0.0,0.0,0.895323401835,0.445416665749,0.0,0.0,0.017278759594700002,0.0,0.0,0.0
937,0.0,0.0,0.8952845284890001,0.44549479575900003,0.0,0.0,-0.00837758040957,0.0,0.0,0.0
938,0.0,0.0,0.8952845284890001,0.44549479575900003,0.0,0.0,0.0,0.0,0.0,0.0
939,0.0,0.0,0.895323401835,0.445416665749,0.0,0.0,-0.0125663706144,0.0,0.0,0.0
940,0.0,0.0,0.895245648325,0.445572922377,0.0,0.0,0.0,0.0,0.0,0.0
941,0.0,0.0,0.8952845284890001,0.44549479575900003,0.0,0.0,0.015533430342700001,0.0,0.0,0.0
942,0.0,0.0,0.895362268362,0.445338532347,0.0,0.0,0.0125663706144,0.0,0.0,0.0
943,0.0,0.0,0.895323401835,0.445416665749,0.0,0.0,0.0,0.0,0.0,0.0
944,0.0,0.0,0.895323401835,0.445416665749,0.0,0.0,0.0,0.0,0.0,0.0
945,0.0,0.0,0.895323401835,0.445416665749,0.0,0.0,0.00942477796077,0.0,0.0,0.0
946,0.0,0.0,0.895401128071,0.445260395554,0.0,0.0,0.0,0.0,0.0,0.0
947,0.0,0.0,0.895401128071,0.445260395554,0.0,0.0,0.0,0.0,0.0,0.0
948,0.0,0.0,0.895401128071,0.445260395554,0.0,0.0,0.0,0.0,0.0,0.0
949,0.0,0.0,0.895401128071,0.445260395554,0.0,0.0,0.0,0.0,0.0,0.0
950,0.0,0.0,0.895401128071,0.445260395554,0.0,0.0,0.0,0.0,0.0,0.0
951,0.0,0.0,0.895401128071,0.445260395554,0.0,0.0,0.0,0.0,0.0,0.0
952,0.0,0.0,0.895401128071,0.445260395554,0.0,0.0,0.0,0.0,0.0,0.0
953,0.0,0.0,0.895401128071,0.445260395554,0.0,0.0,0.0,0.0,0.0,0.0
954,0.0,0.0,0.895401128071,0.445260395554,0.0,0.0,0.0,0.0,0.0,0.0
955,0.0,0.0,0.895401128071,0.445260395554,0.0,0.0,0.0,0.0,0.0,0.0
956,0.0,0.0,0.895401128071,0.445260395554,0.0,0.0,0.0,0.0,0.0,0.0
957,0.0,0.0,0.895401128071,0.445260395554,0.0,0.0,0.0,0.0,0.0,0.0
958,0.0,0.0,0.895401128071,0.445260395554,0.0,0.0,0.0,0.0,0.0,0.0
959,0.0,0.0,0.895401128071,0.445260395554,0.0,0.0,0.0,0.0,0.0,0.0
960,0.0,0.0,0.895401128071,0.445260395554,0.0,0.0,0.0,0.0,0.0,0.0
961,0.0,0.0,0.895401128071,0.445260395554,0.0,0.0,0.0,0.0,0.0,0.0
962,0.0,0.0,0.895401128071,0.445260395554,0.0,0.0,0.0,0.0,0.0,0.0
963,0.0,0.0,0.895401128071,0.445260395554,0.0,0.0,0.0,0.0,0.0,0.0
964,0.0,0.0,0.895401128071,0.445260395554,0.0,0.0,0.0,0.0,0.0,0.0
965,0.0,0.0,0.895401128071,0.445260395554,0.0,0.0,0.0,0.0,0.0,0.0
966,0.0,0.0,0.895401128071,0.445260395554,0.0,0.0,0.0,0.0,0.0,0.0
967,0.0,0.0,0.895401128071,0.445260395554,0.0,0.0,0.0,0.0,0.0,0.0
968,0.0,0.0,0.895401128071,0.445260395554,0.0,0.0,0.0,0.0,0.0,0.0
969,0.0,0.0,0.895401128071,0.445260395554,0.0,0.0,0.0,0.0,0.0,0.0
970,0.0,0.0,0.895401128071,0.445260395554,0.0,0.0,0.0,0.0,0.0,0.0
971,0.0,0.0,0.895401128071,0.445260395554,0.0,0.0,0.0,0.0,0.0,0.0
