,row_id,series_id,measurement_number,orientation_X,orientation_Y,orientation_Z,orientation_W,angular_velocity_X,angular_velocity_Y,angular_velocity_Z,linear_acceleration_X,linear_acceleration_Y,linear_acceleration_Z
0,0_0,0,0,0.0,0.0,0.42000653385700004,0.907521080481,0.0,0.0,0.0,0.0,0.0,0.0
1,0_1,0,1,0.0,0.0,0.42000653385700004,0.907521080481,0.0,0.0,0.0,0.0,0.0,0.0
2,0_2,0,2,0.0,0.0,0.42000653385700004,0.907521080481,0.0,0.0,0.0,0.0,0.0,0.0
3,0_3,0,3,0.0,0.0,0.42000653385700004,0.907521080481,0.0,0.0,0.0,0.0,0.0,0.0
4,0_4,0,4,0.0,0.0,0.42000653385700004,0.907521080481,0.0,0.0,0.0,0.0,0.0,0.0
5,0_5,0,5,0.0,0.0,0.42000653385700004,0.907521080481,0.0,0.0,0.0,0.0,0.0,0.0
6,0_6,0,6,0.0,0.0,0.42000653385700004,0.907521080481,0.0,0.0,0.0,0.0,0.0,0.0
7,0_7,0,7,0.0,0.0,0.42000653385700004,0.907521080481,0.0,0.0,0.0,0.0,0.0,0.0
8,0_8,0,8,0.0,0.0,0.42000653385700004,0.907521080481,0.0,0.0,0.0,0.0,0.0,0.0
9,0_9,0,9,0.0,0.0,0.42000653385700004,0.907521080481,0.0,0.0,0.0,0.0,0.0,0.0
10,0_10,0,10,0.0,0.0,0.42000653385700004,0.907521080481,0.0,0.0,0.0,0.0,0.0,0.0
11,0_11,0,11,0.0,0.0,0.42000653385700004,0.907521080481,0.0,0.0,0.0,0.0,0.0,0.0
12,0_12,0,12,0.0,0.0,0.42000653385700004,0.907521080481,0.0,0.0,0.0,0.0,0.0,0.0
13,0_13,0,13,0.0,0.0,0.42000653385700004,0.907521080481,0.0,0.0,0.0,0.0,0.0,0.0
14,0_14,0,14,0.0,0.0,0.42000653385700004,0.907521080481,0.0,0.0,0.0,0.0,0.0,0.0
15,0_15,0,15,0.0,0.0,0.42000653385700004,0.907521080481,0.0,0.0,0.0,0.0,0.0,0.0
16,0_16,0,16,0.0,0.0,0.42000653385700004,0.907521080481,0.0,0.0,0.0,0.0,0.0,0.0
17,0_17,0,17,0.0,0.0,0.42000653385700004,0.907521080481,0.0,0.0,0.0,0.0,0.0,0.0
18,0_18,0,18,0.0,0.0,0.42000653385700004,0.907521080481,0.0,0.0,0.0,0.0,0.0,0.0
19,0_19,0,19,0.0,0.0,0.42000653385700004,0.907521080481,0.0,0.0,0.0,0.0,0.0,0.0
20,0_20,0,20,0.0,0.0,0.42000653385700004,0.907521080481,0.0,0.0,0.0,0.0,0.0,0.0
21,0_21,0,21,0.0,0.0,0.42000653385700004,0.907521080481,0.0,0.0,0.0,0.0,0.0,0.0
22,0_22,0,22,0.0,0.0,0.42000653385700004,0.907521080481,0.0,0.0,0.0,0.0,0.0,0.0
23,0_23,0,23,0.0,0.0,0.42000653385700004,0.907521080481,0.0,0.0,0.0,0.0,0.0,0.0
24,0_24,0,24,0.0,0.0,0.42000653385700004,0.907521080481,0.0,0.0,0.0,0.0,0.0,0.0
25,0_25,0,25,0.0,0.0,0.42000653385700004,0.907521080481,0.0,0.0,0.0,0.0,0.0,0.0
26,0_26,0,26,0.0,0.0,0.42000653385700004,0.907521080481,0.0,0.0,0.0,0.0,0.0,0.0
27,0_27,0,27,0.0,0.0,0.42000653385700004,0.907521080481,0.0,0.0,0.0,0.0,0.0,0.0
28,0_28,0,28,0.0,0.0,0.42000653385700004,0.907521080481,0.0,0.0,-0.0013962634016,0.0,0.0,0.0
29,0_29,0,29,0.0,0.0,0.42000653385700004,0.907521080481,0.0,0.0,0.0020943951023900003,0.0,0.0,0.0
30,0_30,0,30,0.0,0.0,0.42000653385700004,0.907521080481,0.0,0.0,0.000698131700798,0.0,0.0,0.0
31,0_31,0,31,0.0,0.0,0.419531299378,0.907740870977,0.0,0.0,-0.0371755130675,0.0,0.0,0.0
32,0_32,0,32,0.0,0.0,0.419293639,0.907850672905,0.0,0.0,-0.033684854563500004,0.0,0.0,0.0
33,0_33,0,33,0.0,0.0,0.418421971866,0.9082527475650001,0.0,0.0,-0.011868238913600001,0.0,0.0,0.0
34,0_34,0,34,0.0,0.0,0.41810490636299996,0.9083987490500001,0.0,0.0,-0.0207694180987,0.0,0.0,0.0
35,0_35,0,35,0.0,0.0,0.418025632026,0.908435232127,0.0,0.0,-0.00366519142919,0.0,0.0,0.0
36,0_36,0,36,0.0,0.0,0.41810490636299996,0.9083987490500001,0.0,0.0,-0.0101229096616,0.0,0.0,0.0
37,0_37,0,37,0.0,0.0,0.41731201980599997,0.9087632684729999,0.0,0.0,-0.0205948851735,0.0,0.0,0.0
38,0_38,0,38,0.0,0.0,0.417787789915,0.908544639849,0.0,0.0,0.0197222205475,0.0,0.0,0.0
39,0_39,0,39,0.0,0.0,0.41762921259900004,0.908617543735,0.0,0.0,0.0013962634016,0.0,0.0,0.0
40,0_40,0,40,0.0,0.0,0.41786707380099997,0.908508177527,0.0,0.0,-0.010471975512,0.0,0.0,0.0
41,0_41,0,41,0.0,0.0,0.41715340434,0.908836089319,0.0,0.0,-0.023387411976700002,0.0,0.0,0.0
42,0_42,0,42,0.0,0.0,0.417232713662,0.908799682356,0.0,0.0,0.012391837689200002,0.0,0.0,0.0
43,0_43,0,43,0.0,0.0,0.416915457315,0.908945268678,0.0,0.0,-0.027052603405900003,0.0,0.0,0.0
44,0_44,0,44,0.0,0.0,0.416756810089,0.909018020308,0.0,0.0,-0.0034906585039899997,0.0,0.0,0.0
45,0_45,0,45,0.0,0.0,0.416756810089,0.909018020308,0.0,0.0,-0.00488692190558,0.0,0.0,0.0
46,0_46,0,46,0.0,0.0,0.41588402355099996,0.909417659249,0.0,0.0,-0.0303687289847,0.0,0.0,0.0
47,0_47,0,47,0.0,0.0,0.415725293894,0.909490230853,0.0,0.0,-0.012042771838799999,0.0,0.0,0.0
48,0_48,0,48,0.0,0.0,0.415328414356,0.909671538649,0.0,0.0,-0.009075712110370001,0.0,0.0,0.0
49,0_49,0,49,0.0,0.0,0.415328414356,0.909671538649,0.0,0.0,0.00488692190558,0.0,0.0,0.0
50,0_50,0,50,0.0,0.0,0.415328414356,0.909671538649,0.0,0.0,0.00977384381117,0.0,0.0,0.0
51,0_51,0,51,0.0,0.0,0.415407796592,0.9096352909440001,0.0,0.0,0.007853981633970001,0.0,0.0,0.0
52,0_52,0,52,0.0,0.0,0.41485205454199997,0.909888879393,0.0,0.0,-0.014660765716799999,0.0,0.0,0.0
53,0_53,0,53,0.0,0.0,0.414772650178,0.909925078599,0.0,0.0,-0.005759586531579999,0.0,0.0,0.0
54,0_54,0,54,0.0,0.0,0.41445500114399997,0.910069806128,0.0,0.0,-0.00157079632679,0.0,0.0,0.0
55,0_55,0,55,0.0,0.0,0.41405786884,0.9102505595999999,0.0,0.0,-0.0225147473507,0.0,0.0,0.0
56,0_56,0,56,0.0,0.0,0.413660657705,0.910431139772,0.0,0.0,-0.022340214425499997,0.0,0.0,0.0
57,0_57,0,57,0.0,0.0,0.413581206025,0.910467235008,0.0,0.0,0.00715584993318,0.0,0.0,0.0
58,0_58,0,58,0.0,0.0,0.413501751195,0.9105033233100001,0.0,0.0,-0.010471975512,0.0,0.0,0.0
59,0_59,0,59,0.0,0.0,0.412786516097,0.91082780597,0.0,0.0,-0.0171042266695,0.0,0.0,0.0
60,0_60,0,60,0.0,0.0,0.41270702980400004,0.910863824921,0.0,0.0,0.00174532925199,0.0,0.0,0.0
61,0_61,0,61,0.0,0.0,0.412548047791,0.9109358420129999,0.0,0.0,-0.00279252680319,0.0,0.0,0.0
62,0_62,0,62,0.0,0.0,0.412309551211,0.9110438156209999,0.0,0.0,-0.009075712110370001,0.0,0.0,0.0
63,0_63,0,63,0.0,0.0,0.41223004607,0.911079792948,0.0,0.0,-0.00680678408278,0.0,0.0,0.0
64,0_64,0,64,0.0,0.0,0.411991511814,0.9111876832979999,0.0,0.0,0.00837758040957,0.0,0.0,0.0
65,0_65,0,65,0.0,0.0,0.412071026371,0.911151726786,0.0,0.0,-0.00261799387799,0.0,0.0,0.0
66,0_66,0,66,0.0,0.0,0.41167342221600006,0.9113314399500001,0.0,0.0,-0.0136135681656,0.0,0.0,0.0
67,0_67,0,67,0.0,0.0,0.411593891978,0.911367361763,0.0,0.0,-0.0005235987755980001,0.0,0.0,0.0
68,0_68,0,68,0.0,0.0,0.411593891978,0.911367361763,0.0,0.0,0.00733038285838,0.0,0.0,0.0
69,0_69,0,69,0.0,0.0,0.411434822098,0.911439184567,0.0,0.0,-0.014660765716799999,0.0,0.0,0.0
70,0_70,0,70,0.0,0.0,0.411355282458,0.911475085558,0.0,0.0,0.00244346095279,0.0,0.0,0.0
71,0_71,0,71,0.0,0.0,0.411116644745,0.911582746883,0.0,0.0,-0.0181514242207,0.0,0.0,0.0
72,0_72,0,72,0.0,0.0,0.41095753728,0.9116544863889999,0.0,0.0,-0.0164060949687,0.0,0.0,0.0
73,0_73,0,73,0.0,0.0,0.41119619378100003,0.9115468667159999,0.0,0.0,-0.0005235987755980001,0.0,0.0,0.0
74,0_74,0,74,0.0,0.0,0.41095753728,0.9116544863889999,0.0,0.0,-0.0167551608191,0.0,0.0,0.0
75,0_75,0,75,0.0,0.0,0.41087797885399996,0.911690345728,0.0,0.0,-0.0132645023152,0.0,0.0,0.0
76,0_76,0,76,0.0,0.0,0.410639284801,0.911797882087,0.0,0.0,-0.00418879020479,0.0,0.0,0.0
77,0_77,0,77,0.0,0.0,0.410559713862,0.911833713653,0.0,0.0,-0.00244346095279,0.0,0.0,0.0
78,0_78,0,78,0.0,0.0,0.410559713862,0.911833713653,0.0,0.0,-0.012391837689200002,0.0,0.0,0.0
79,0_79,0,79,0.0,0.0,0.410320982287,0.911941166685,0.0,0.0,-0.0102974425868,0.0,0.0,0.0
80,0_80,0,80,0.0,0.0,0.410241398845,0.911976970473,0.0,0.0,-0.006632251157579999,0.0,0.0,0.0
81,0_81,0,81,0.0,0.0,0.410002629777,0.9120843401659999,0.0,0.0,-0.00837758040957,0.0,0.0,0.0
82,0_82,0,82,0.0,0.0,0.409763832607,0.9121916473459999,0.0,0.0,-0.00296705972839,0.0,0.0,0.0
83,0_83,0,83,0.0,0.0,0.409684227308,0.9122274025120001,0.0,0.0,0.00366519142919,0.0,0.0,0.0
84,0_84,0,84,0.0,0.0,0.40936577492200005,0.912370353707,0.0,0.0,-0.0193731546971,0.0,0.0,0.0
85,0_85,0,85,0.0,0.0,0.409047272655,0.9125131937309999,0.0,0.0,-0.009075712110370001,0.0,0.0,0.0
86,0_86,0,86,0.0,0.0,0.408808363244,0.912620250784,0.0,0.0,-0.0165806278939,0.0,0.0,0.0
87,0_87,0,87,0.0,0.0,0.408808363244,0.912620250784,0.0,0.0,0.005759586531579999,0.0,0.0,0.0
88,0_88,0,88,0.0,0.0,0.40872872054700005,0.912655922569,0.0,0.0,-0.0012217304764,0.0,0.0,0.0
89,0_89,0,89,0.0,0.0,0.408410118636,0.912798540202,0.0,0.0,-0.006632251157579999,0.0,0.0,0.0
90,0_90,0,90,0.0,0.0,0.40833046038099996,0.912834177233,0.0,0.0,-0.006981317007979999,0.0,0.0,0.0
91,0_91,0,91,0.0,0.0,0.408091466962,0.9129410466140001,0.0,0.0,-0.023387411976700002,0.0,0.0,0.0
92,0_92,0,92,0.0,0.0,0.408091466962,0.9129410466140001,0.0,0.0,0.0134390352404,0.0,0.0,0.0
93,0_93,0,93,0.0,0.0,0.408171134544,0.912905430439,0.0,0.0,-0.00645771823238,0.0,0.0,0.0
94,0_94,0,94,0.0,0.0,0.40793212247599997,0.913012258106,0.0,0.0,-0.0267035375555,0.0,0.0,0.0
95,0_95,0,95,0.0,0.0,0.407613396229,0.9131545976530001,0.0,0.0,-0.017278759594700002,0.0,0.0,0.0
96,0_96,0,96,0.0,0.0,0.407533706906,0.913190165155,0.0,0.0,-0.00471238898038,0.0,0.0,0.0
97,0_97,0,97,0.0,0.0,0.407454014479,0.913225725703,0.0,0.0,-0.0005235987755980001,0.0,0.0,0.0
98,0_98,0,98,0.0,0.0,0.407374318949,0.913261279296,0.0,0.0,-0.0179768912955,0.0,0.0,0.0
99,0_99,0,99,0.0,0.0,0.407135213747,0.913367898345,0.0,0.0,0.0034906585039899997,0.0,0.0,0.0
100,0_100,0,100,0.0,0.0,0.407214918582,0.913332365617,0.0,0.0,-0.00628318530718,0.0,0.0,0.0
101,0_101,0,101,0.0,0.0,0.406816363407,0.913509959696,0.0,0.0,-0.0286233997327,0.0,0.0,0.0
102,0_102,0,102,0.0,0.0,0.40665691964699996,0.9135809486319999,0.0,0.0,-0.000174532925199,0.0,0.0,0.0
103,0_103,0,103,0.0,0.0,0.406497463498,0.913651909739,0.0,0.0,-0.008901179185170001,0.0,0.0,0.0
104,0_104,0,104,0.0,0.0,0.406019020777,0.9138646260619999,0.0,0.0,-0.00837758040957,0.0,0.0,0.0
105,0_105,0,105,0.0,0.0,0.406098768964,0.913829190738,0.0,0.0,0.00715584993318,0.0,0.0,0.0
106,0_106,0,106,0.0,0.0,0.405859515128,0.9139354758299999,0.0,0.0,-0.005410520681180001,0.0,0.0,0.0
107,0_107,0,107,0.0,0.0,0.405620233474,0.9140416982809999,0.0,0.0,-0.00610865238198,0.0,0.0,0.0
108,0_108,0,108,0.0,0.0,0.405779757666,0.913970890274,0.0,0.0,0.00820304748437,0.0,0.0,0.0
109,0_109,0,109,0.0,0.0,0.405540466744,0.9140770918440001,0.0,0.0,-0.0195476876223,0.0,0.0,0.0
110,0_110,0,110,0.0,0.0,0.40546069692500003,0.9141124784450001,0.0,0.0,-0.0034906585039899997,0.0,0.0,0.0
111,0_111,0,111,0.0,0.0,0.40522136894599997,0.9142185964799999,0.0,0.0,0.000349065850399,0.0,0.0,0.0
112,0_112,0,112,0.0,0.0,0.40514158678,0.914253955234,0.0,0.0,-0.0160570291183,0.0,0.0,0.0
113,0_113,0,113,0.0,0.0,0.40498201319300003,0.914324651855,0.0,0.0,-0.013089969390000001,0.0,0.0,0.0
114,0_114,0,114,0.0,0.0,0.40498201319300003,0.914324651855,0.0,0.0,0.00453785605519,0.0,0.0,0.0
115,0_115,0,115,0.0,0.0,0.404662829014,0.914465961539,0.0,0.0,-0.00610865238198,0.0,0.0,0.0
116,0_116,0,116,0.0,0.0,0.404503218432,0.9145365745980001,0.0,0.0,-0.0232128790515,0.0,0.0,0.0
117,0_117,0,117,0.0,0.0,0.404263779458,0.914642441951,0.0,0.0,-0.028448866807499997,0.0,0.0,0.0
118,0_118,0,118,0.0,0.0,0.404263779458,0.914642441951,0.0,0.0,0.00593411945678,0.0,0.0,0.0
119,0_119,0,119,0.0,0.0,0.404263779458,0.914642441951,0.0,0.0,-0.00366519142919,0.0,0.0,0.0
120,0_120,0,120,0.0,0.0,0.404263779458,0.914642441951,0.0,0.0,0.0012217304764,0.0,0.0,0.0
121,0_121,0,121,0.0,0.0,0.403944484393,0.9147835009049999,0.0,0.0,-0.021816615649900003,0.0,0.0,0.0
122,0_122,0,122,0.0,0.0,0.403784818401,0.914853988584,0.0,0.0,-0.00488692190558,0.0,0.0,0.0
123,0_123,0,123,0.0,0.0,0.40354529635200004,0.9149596678499999,0.0,0.0,-0.000698131700798,0.0,0.0,0.0
124,0_124,0,124,0.0,0.0,0.40362514010899997,0.914924448395,0.0,0.0,0.011868238913600001,0.0,0.0,0.0
125,0_125,0,125,0.0,0.0,0.40346544952200003,0.9149948803360001,0.0,0.0,-0.0178023583703,0.0,0.0,0.0
126,0_126,0,126,0.0,0.0,0.403225890599,0.915100475986,0.0,0.0,0.0019198621771900001,0.0,0.0,0.0
127,0_127,0,127,0.0,0.0,0.40338559962,0.915030085855,0.0,0.0,-0.0033161255787899995,0.0,0.0,0.0
128,0_128,0,128,0.0,0.0,0.40282656431999997,0.9152763293549999,0.0,0.0,-0.0191986217719,0.0,0.0,0.0
129,1_0,1,0,0.0,0.0,0.402746689859,0.915311479119,0.0,0.0,-0.00157079632679,0.0,0.0,0.0
130,1_1,1,1,0.0,0.0,0.40258693173500004,0.915381757736,0.0,0.0,-0.00226892802759,0.0,0.0,0.0
131,1_2,1,2,0.0,0.0,0.402347271558,0.9154871233769999,0.0,0.0,0.0038397243543899996,0.0,0.0,0.0
132,1_3,1,3,0.0,0.0,0.402107583804,0.9155924262720001,0.0,0.0,-0.0134390352404,0.0,0.0,0.0
133,1_4,1,4,0.0,0.0,0.401947776656,0.9156625933399999,0.0,0.0,-0.0195476876223,0.0,0.0,0.0
134,1_5,1,5,0.0,0.0,0.401628125633,0.915802843794,0.0,0.0,-0.00645771823238,0.0,0.0,0.0
135,1_6,1,6,0.0,0.0,0.401628125633,0.915802843794,0.0,0.0,-0.00157079632679,0.0,0.0,0.0
136,1_7,1,7,0.0,0.0,0.40138835524800004,0.915907958406,0.0,0.0,0.0033161255787899995,0.0,0.0,0.0
137,1_8,1,8,0.0,0.0,0.401308425672,0.9159429826600001,0.0,0.0,-0.010821041362399999,0.0,0.0,0.0
138,1_9,1,9,0.0,0.0,0.400988676813,0.916083009922,0.0,0.0,-0.0160570291183,0.0,0.0,0.0
139,1_10,1,10,0.0,0.0,0.400908731963,0.916117999297,0.0,0.0,-0.005759586531579999,0.0,0.0,0.0
140,1_11,1,11,0.0,0.0,0.400748833103,0.9161879571170001,0.0,0.0,-0.025830872929500003,0.0,0.0,0.0
141,1_12,1,12,0.0,0.0,0.400588922036,0.9162578870290001,0.0,0.0,-0.00366519142919,0.0,0.0,0.0
142,1_13,1,13,0.0,0.0,0.400588922036,0.9162578870290001,0.0,0.0,0.00523598775598,0.0,0.0,0.0
143,1_14,1,14,0.0,0.0,0.400508961926,0.9162928415180001,0.0,0.0,0.00593411945678,0.0,0.0,0.0
144,1_15,1,15,0.0,0.0,0.40042899876599997,0.9163277890289999,0.0,0.0,-0.00977384381117,0.0,0.0,0.0
145,1_16,1,16,0.0,0.0,0.400349032557,0.916362729562,0.0,0.0,-0.007679448708779999,0.0,0.0,0.0
146,1_17,1,17,0.0,0.0,0.40026906329899997,0.916397663117,0.0,0.0,0.00471238898038,0.0,0.0,0.0
147,1_18,1,18,0.0,0.0,0.39994915579,0.9165373275450001,0.0,0.0,0.00157079632679,0.0,0.0,0.0
148,1_19,1,19,0.0,0.0,0.400029137237,0.9165024219069999,0.0,0.0,0.007679448708779999,0.0,0.0,0.0
149,1_20,1,20,0.0,0.0,0.39994915579,0.9165373275450001,0.0,0.0,-0.0249582083035,0.0,0.0,0.0
150,1_21,1,21,0.0,0.0,0.399469203165,0.9167466147869999,0.0,0.0,-0.005759586531579999,0.0,0.0,0.0
151,1_22,1,22,0.0,0.0,0.39970919317500003,0.916642002579,0.0,0.0,0.004014257279590001,0.0,0.0,0.0
152,1_23,1,23,0.0,0.0,0.39970919317500003,0.916642002579,0.0,0.0,-0.00855211333477,0.0,0.0,0.0
153,1_24,1,24,0.0,0.0,0.399469203165,0.9167466147869999,0.0,0.0,-0.00750491578358,0.0,0.0,0.0
154,1_25,1,25,0.0,0.0,0.399149173898,0.916885999989,0.0,0.0,-0.0202458193231,0.0,0.0,0.0
155,1_26,1,26,0.0,0.0,0.39906915898,0.9169208288349999,0.0,0.0,-0.008901179185170001,0.0,0.0,0.0
156,1_27,1,27,0.0,0.0,0.398909120029,0.9169904655760001,0.0,0.0,0.00279252680319,0.0,0.0,0.0
157,1_28,1,28,0.0,0.0,0.398909120029,0.9169904655760001,0.0,0.0,0.0033161255787899995,0.0,0.0,0.0
158,1_29,1,29,0.0,0.0,0.398909120029,0.9169904655760001,0.0,0.0,0.00680678408278,0.0,0.0,0.0
159,1_30,1,30,0.0,0.0,0.39858900567500005,0.917129655259,0.0,0.0,-0.00418879020479,0.0,0.0,0.0
160,1_31,1,31,0.0,0.0,0.39842893028399995,0.917199208195,0.0,0.0,-0.015533430342700001,0.0,0.0,0.0
161,1_32,1,32,0.0,0.0,0.398348888036,0.917233974186,0.0,0.0,-0.007853981633970001,0.0,0.0,0.0
162,1_33,1,33,0.0,0.0,0.398348888036,0.917233974186,0.0,0.0,0.009250245035569999,0.0,0.0,0.0
163,1_34,1,34,0.0,0.0,0.398348888036,0.917233974186,0.0,0.0,-0.00244346095279,0.0,0.0,0.0
164,1_35,1,35,0.0,0.0,0.39786857086800004,0.9174424234340001,0.0,0.0,-0.022863813201099998,0.0,0.0,0.0
165,1_36,1,36,0.0,0.0,0.397548298815,0.917581249868,0.0,0.0,-0.027052603405900003,0.0,0.0,0.0
166,1_37,1,37,0.0,0.0,0.397308062984,0.917685296323,0.0,0.0,-0.00523598775598,0.0,0.0,0.0
167,1_38,1,38,0.0,0.0,0.39722797832199996,0.917719964498,0.0,0.0,0.007679448708779999,0.0,0.0,0.0
168,1_39,1,39,0.0,0.0,0.39706779992299995,0.9177892798810001,0.0,0.0,-0.0132645023152,0.0,0.0,0.0
169,1_40,1,40,0.0,0.0,0.39698770618699997,0.9178239270890001,0.0,0.0,0.00837758040957,0.0,0.0,0.0
170,1_41,1,41,0.0,0.0,0.396747406843,0.917927826772,0.0,0.0,-0.0230383461263,0.0,0.0,0.0
171,1_42,1,42,0.0,0.0,0.39658719217200006,0.9179970582770001,0.0,0.0,-0.00279252680319,0.0,0.0,0.0
172,1_43,1,43,0.0,0.0,0.396667301018,0.9179624460200001,0.0,0.0,0.00453785605519,0.0,0.0,0.0
173,1_44,1,44,0.0,0.0,0.396426965421,0.918066261817,0.0,0.0,-0.00994837673637,0.0,0.0,0.0
174,1_45,1,45,0.0,0.0,0.396507080307,0.918031663543,0.0,0.0,0.0020943951023900003,0.0,0.0,0.0
175,1_46,1,46,0.0,0.0,0.396426965421,0.918066261817,0.0,0.0,-0.014137166941200001,0.0,0.0,0.0
176,1_47,1,47,0.0,0.0,0.396026345721,0.918239148313,0.0,0.0,0.0013962634016,0.0,0.0,0.0
177,1_48,1,48,0.0,0.0,0.39594621273100006,0.9182737046349999,0.0,0.0,-0.00872664625997,0.0,0.0,0.0
178,1_49,1,49,0.0,0.0,0.39594621273100006,0.9182737046349999,0.0,0.0,0.00226892802759,0.0,0.0,0.0
179,1_50,1,50,0.0,0.0,0.39562565062399996,0.918411859989,0.0,0.0,-0.009075712110370001,0.0,0.0,0.0
180,1_51,1,51,0.0,0.0,0.39562565062399996,0.918411859989,0.0,0.0,-0.007679448708779999,0.0,0.0,0.0
181,1_52,1,52,0.0,0.0,0.39562565062399996,0.918411859989,0.0,0.0,0.00157079632679,0.0,0.0,0.0
182,1_53,1,53,0.0,0.0,0.39570579567100006,0.9183773316410001,0.0,0.0,0.00733038285838,0.0,0.0,0.0
183,1_54,1,54,0.0,0.0,0.39530504030999997,0.9185499034379999,0.0,0.0,-0.0134390352404,0.0,0.0,0.0
184,1_55,1,55,0.0,0.0,0.39514471708899995,0.9186188831919999,0.0,0.0,-0.0193731546971,0.0,0.0,0.0
185,1_56,1,56,0.0,0.0,0.39490420968900003,0.918722300355,0.0,0.0,-0.0129154364648,0.0,0.0,0.0
186,1_57,1,57,0.0,0.0,0.39498438183,0.918687834964,0.0,0.0,0.00523598775598,0.0,0.0,0.0
187,1_58,1,58,0.0,0.0,0.39474385638400006,0.918791210149,0.0,0.0,-0.007679448708779999,0.0,0.0,0.0
188,1_59,1,59,0.0,0.0,0.39450330388300003,0.918894522361,0.0,0.0,-0.023387411976700002,0.0,0.0,0.0
189,1_60,1,60,0.0,0.0,0.39426272434299997,0.918997771593,0.0,0.0,0.0020943951023900003,0.0,0.0,0.0
190,1_61,1,61,0.0,0.0,0.394182525157,0.919032174007,0.0,0.0,0.0020943951023900003,0.0,0.0,0.0
191,1_62,1,62,0.0,0.0,0.394022117781,0.9191009578389999,0.0,0.0,-0.009599310885969999,0.0,0.0,0.0
192,1_63,1,63,0.0,0.0,0.393781484212,0.919204081089,0.0,0.0,-0.0005235987755980001,0.0,0.0,0.0
193,1_64,1,64,0.0,0.0,0.393861698401,0.9191697136720001,0.0,0.0,-0.009599310885969999,0.0,0.0,0.0
194,1_65,1,65,0.0,0.0,0.393861698401,0.9191697136720001,0.0,0.0,0.00715584993318,0.0,0.0,0.0
195,1_66,1,66,0.0,0.0,0.393781484212,0.919204081089,0.0,0.0,-0.00314159265359,0.0,0.0,0.0
196,1_67,1,67,0.0,0.0,0.393621046838,0.9192727949230001,0.0,0.0,-0.014137166941200001,0.0,0.0,0.0
197,1_68,1,68,0.0,0.0,0.39346059747400003,0.9193414807539999,0.0,0.0,-0.00366519142919,0.0,0.0,0.0
198,1_69,1,69,0.0,0.0,0.393781484212,0.919204081089,0.0,0.0,0.0,0.0,0.0,0.0
199,1_70,1,70,0.0,0.0,0.393621046838,0.9192727949230001,0.0,0.0,-0.0237364778271,0.0,0.0,0.0
200,1_71,1,71,0.0,0.0,0.393219900956,0.9194444569910001,0.0,0.0,0.00418879020479,0.0,0.0,0.0
201,1_72,1,72,0.0,0.0,0.393059421637,0.919513072807,0.0,0.0,-0.022863813201099998,0.0,0.0,0.0
202,1_73,1,73,0.0,0.0,0.392898930345,0.919581660612,0.0,0.0,-0.0205948851735,0.0,0.0,0.0
203,1_74,1,74,0.0,0.0,0.39281868021099997,0.9196159440100001,0.0,0.0,0.00244346095279,0.0,0.0,0.0
204,1_75,1,75,0.0,0.0,0.39281868021099997,0.9196159440100001,0.0,0.0,-0.00558505360638,0.0,0.0,0.0
205,1_76,1,76,0.0,0.0,0.39273842708499995,0.919650220405,0.0,0.0,-0.007679448708779999,0.0,0.0,0.0
206,1_77,1,77,0.0,0.0,0.39241738467799997,0.919787255947,0.0,0.0,-0.00418879020479,0.0,0.0,0.0
207,1_78,1,78,0.0,0.0,0.39241738467799997,0.919787255947,0.0,0.0,0.0034906585039899997,0.0,0.0,0.0
208,1_79,1,79,0.0,0.0,0.39233711660400006,0.9198214973219999,0.0,0.0,-0.0150098315672,0.0,0.0,0.0
209,1_80,1,80,0.0,0.0,0.392096294456,0.9199241794159999,0.0,0.0,-0.0038397243543899996,0.0,0.0,0.0
210,1_81,1,81,0.0,0.0,0.391935731427,0.9199925991169999,0.0,0.0,0.004363323129989999,0.0,0.0,0.0
211,1_82,1,82,0.0,0.0,0.391935731427,0.9199925991169999,0.0,0.0,-0.0249582083035,0.0,0.0,0.0
212,1_83,1,83,0.0,0.0,0.391534271632,0.9201635257590001,0.0,0.0,-0.00593411945678,0.0,0.0,0.0
213,1_84,1,84,0.0,0.0,0.391614569557,0.920129354445,0.0,0.0,0.00628318530718,0.0,0.0,0.0
214,1_85,1,85,0.0,0.0,0.391534271632,0.9201635257590001,0.0,0.0,-0.00244346095279,0.0,0.0,0.0
215,1_86,1,86,0.0,0.0,0.391293359969,0.920265997657,0.0,0.0,0.0,0.0,0.0,0.0
216,1_87,1,87,0.0,0.0,0.39121305012100005,0.920300140941,0.0,0.0,-0.014137166941200001,0.0,0.0,0.0
217,1_88,1,88,0.0,0.0,0.39121305012100005,0.920300140941,0.0,0.0,0.00279252680319,0.0,0.0,0.0
218,1_89,1,89,0.0,0.0,0.39121305012100005,0.920300140941,0.0,0.0,-0.00593411945678,0.0,0.0,0.0
219,1_90,1,90,0.0,0.0,0.39097210270300004,0.920402528738,0.0,0.0,-0.023561944901900004,0.0,0.0,0.0
220,1_91,1,91,0.0,0.0,0.390891780942,0.920436643986,0.0,0.0,0.0109955742876,0.0,0.0,0.0
221,1_92,1,92,0.0,0.0,0.390891780942,0.920436643986,0.0,0.0,-0.0165806278939,0.0,0.0,0.0
222,1_93,1,93,0.0,0.0,0.390731128489,0.9205048534520001,0.0,0.0,-0.0157079632679,0.0,0.0,0.0
223,1_94,1,94,0.0,0.0,0.39057046413400004,0.920573034879,0.0,0.0,0.0005235987755980001,0.0,0.0,0.0
224,1_95,1,95,0.0,0.0,0.390409787882,0.9206411882629999,0.0,0.0,-0.0116937059884,0.0,0.0,0.0
225,1_96,1,96,0.0,0.0,0.390249099737,0.920709313603,0.0,0.0,-0.011344640138,0.0,0.0,0.0
226,1_97,1,97,0.0,0.0,0.390249099737,0.920709313603,0.0,0.0,-0.00523598775598,0.0,0.0,0.0
227,1_98,1,98,0.0,0.0,0.390249099737,0.920709313603,0.0,0.0,0.00279252680319,0.0,0.0,0.0
228,1_99,1,99,0.0,0.0,0.390168751206,0.9207433657549999,0.0,0.0,-0.014311699866400001,0.0,0.0,0.0
229,1_100,1,100,0.0,0.0,0.389686597645,0.9209475314129999,0.0,0.0,-0.0132645023152,0.0,0.0,0.0
230,1_101,1,101,0.0,0.0,0.389606228328,0.9209815344769999,0.0,0.0,-0.00837758040957,0.0,0.0,0.0
231,1_102,1,102,0.0,0.0,0.38952585604400003,0.921015530528,0.0,0.0,0.00628318530718,0.0,0.0,0.0
232,1_103,1,103,0.0,0.0,0.389365102578,0.921083501586,0.0,0.0,-0.0178023583703,0.0,0.0,0.0
233,1_104,1,104,0.0,0.0,0.389043560067,0.921219359529,0.0,0.0,-0.0101229096616,0.0,0.0,0.0
234,1_105,1,105,0.0,0.0,0.38888277103299995,0.921287246408,0.0,0.0,-0.0150098315672,0.0,0.0,0.0
235,1_106,1,106,0.0,0.0,0.38896316703100003,0.9212533064759999,0.0,0.0,0.000349065850399,0.0,0.0,0.0
236,1_107,1,107,0.0,0.0,0.38888277103299995,0.921287246408,0.0,0.0,-0.00261799387799,0.0,0.0,0.0
237,1_108,1,108,0.0,0.0,0.38872197015199994,0.921355105223,0.0,0.0,-0.0033161255787899995,0.0,0.0,0.0
238,1_109,1,109,0.0,0.0,0.38872197015199994,0.921355105223,0.0,0.0,0.0132645023152,0.0,0.0,0.0
239,1_110,1,110,0.0,0.0,0.38848074663099996,0.921456840821,0.0,0.0,-0.020943951023900002,0.0,0.0,0.0
240,1_111,1,111,0.0,0.0,0.38840033287299996,0.921490738653,0.0,0.0,0.00314159265359,0.0,0.0,0.0
241,1_112,1,112,0.0,0.0,0.38848074663099996,0.921456840821,0.0,0.0,-0.0034906585039899997,0.0,0.0,0.0
242,1_113,1,113,0.0,0.0,0.38840033287299996,0.921490738653,0.0,0.0,-0.00610865238198,0.0,0.0,0.0
243,1_114,1,114,0.0,0.0,0.38840033287299996,0.921490738653,0.0,0.0,0.004014257279590001,0.0,0.0,0.0
244,1_115,1,115,0.0,0.0,0.387917788232,0.9216939782670001,0.0,0.0,-0.0275762021815,0.0,0.0,0.0
245,1_116,1,116,0.0,0.0,0.387756916378,0.921761668655,0.0,0.0,-0.0164060949687,0.0,0.0,0.0
246,1_117,1,117,0.0,0.0,0.387917788232,0.9216939782670001,0.0,0.0,0.00872664625997,0.0,0.0,0.0
247,1_118,1,118,0.0,0.0,0.387596032713,0.9218293309639999,0.0,0.0,-0.0136135681656,0.0,0.0,0.0
248,1_119,1,119,0.0,0.0,0.387515586452,0.9218631515889999,0.0,0.0,-0.00314159265359,0.0,0.0,0.0
249,1_120,1,120,0.0,0.0,0.38743513724,0.921896965193,0.0,0.0,-0.005410520681180001,0.0,0.0,0.0
250,1_121,1,121,0.0,0.0,0.387676476022,0.921795503319,0.0,0.0,-0.0034906585039899997,0.0,0.0,0.0
251,1_122,1,122,0.0,0.0,0.387596032713,0.9218293309639999,0.0,0.0,-0.00733038285838,0.0,0.0,0.0
252,1_123,1,123,0.0,0.0,0.387113310895,0.9220321494,0.0,0.0,-0.014311699866400001,0.0,0.0,0.0
253,1_124,1,124,0.0,0.0,0.387032846937,0.9220659278990001,0.0,0.0,-0.00855211333477,0.0,0.0,0.0
254,1_125,1,125,0.0,0.0,0.386952380031,0.922099699375,0.0,0.0,0.011344640138,0.0,0.0,0.0
255,1_126,1,126,0.0,0.0,0.38687191017899997,0.9221334638299998,0.0,0.0,-0.00628318530718,0.0,0.0,0.0
256,1_127,1,127,0.0,0.0,0.38679143738099997,0.922167221261,0.0,0.0,0.0012217304764,0.0,0.0,0.0
257,1_128,1,128,0.0,0.0,0.386469516737,0.9223021807590001,0.0,0.0,0.00628318530718,0.0,0.0,0.0
258,2_0,2,0,0.0,0.0,0.386630482948,0.922234715057,0.0,0.0,0.014311699866400001,0.0,0.0,0.0
259,2_1,2,1,0.0,0.0,0.386630482948,0.922234715057,0.0,0.0,-0.012217304764,0.0,0.0,0.0
260,2_2,2,2,0.0,0.0,0.386308538754,0.9223696183660001,0.0,0.0,-0.011344640138,0.0,0.0,0.0
261,2_3,2,3,0.0,0.0,0.386469516737,0.9223021807590001,0.0,0.0,-0.000872664625997,0.0,0.0,0.0
262,2_4,2,4,0.0,0.0,0.386147549004,0.922437027877,0.0,0.0,-0.0038397243543899996,0.0,0.0,0.0
263,2_5,2,5,0.0,0.0,0.38622804534999994,0.9224033266339999,0.0,0.0,-0.009075712110370001,0.0,0.0,0.0
264,2_6,2,6,0.0,0.0,0.38574502317599996,0.922605428715,0.0,0.0,-0.0165806278939,0.0,0.0,0.0
265,2_7,2,7,0.0,0.0,0.38582553421899995,0.9225717625990001,0.0,0.0,0.013788101090799998,0.0,0.0,0.0
266,2_8,2,8,0.0,0.0,0.385906042324,0.922538089456,0.0,0.0,-0.0109955742876,0.0,0.0,0.0
267,2_9,2,9,0.0,0.0,0.38542294963299994,0.9227400229189999,0.0,0.0,-0.00680678408278,0.0,0.0,0.0
268,2_10,2,10,0.0,0.0,0.38542294963299994,0.9227400229189999,0.0,0.0,0.006632251157579999,0.0,0.0,0.0
269,2_11,2,11,0.0,0.0,0.385342423908,0.922773653903,0.0,0.0,-0.0013962634016,0.0,0.0,0.0
270,2_12,2,12,0.0,0.0,0.38526189524800003,0.922807277859,0.0,0.0,-0.010646508437200001,0.0,0.0,0.0
271,2_13,2,13,0.0,0.0,0.385020291668,0.922908107562,0.0,0.0,-0.012391837689200002,0.0,0.0,0.0
272,2_14,2,14,0.0,0.0,0.384859207953,0.9229752922229999,0.0,0.0,-0.0134390352404,0.0,0.0,0.0
273,2_15,2,15,0.0,0.0,0.384778661699,0.9230088740100001,0.0,0.0,-0.00610865238198,0.0,0.0,0.0
274,2_16,2,16,0.0,0.0,0.3846175604,0.923076016497,0.0,0.0,-0.007679448708779999,0.0,0.0,0.0
275,2_17,2,17,0.0,0.0,0.384456447386,0.923143130865,0.0,0.0,-0.0176278254451,0.0,0.0,0.0
276,2_18,2,18,0.0,0.0,0.383973038094,0.923344305239,0.0,0.0,-0.0144862327916,0.0,0.0,0.0
277,2_19,2,19,0.0,0.0,0.383973038094,0.923344305239,0.0,0.0,-0.0034906585039899997,0.0,0.0,0.0
278,2_20,2,20,0.0,0.0,0.383731293965,0.9234447975010001,0.0,0.0,-0.011344640138,0.0,0.0,0.0
279,2_21,2,21,0.0,0.0,0.383650706743,0.9234782808580001,0.0,0.0,-0.0010471975512,0.0,0.0,0.0
280,2_22,2,22,0.0,0.0,0.38324772681999997,0.9236455921439999,0.0,0.0,-0.00715584993318,0.0,0.0,0.0
281,2_23,2,23,0.0,0.0,0.383328328644,0.923612143954,0.0,0.0,0.015358897417600001,0.0,0.0,0.0
282,2_24,2,24,0.0,0.0,0.383408927549,0.9235786887299999,0.0,0.0,-0.0038397243543899996,0.0,0.0,0.0
283,2_25,2,25,0.0,0.0,0.383167122078,0.9236790333,0.0,0.0,-0.020943951023900002,0.0,0.0,0.0
284,2_26,2,26,0.0,0.0,0.383086514417,0.9237124674230001,0.0,0.0,-0.0005235987755980001,0.0,0.0,0.0
285,2_27,2,27,0.0,0.0,0.382844673933,0.9238127275810001,0.0,0.0,0.0012217304764,0.0,0.0,0.0
286,2_28,2,28,0.0,0.0,0.383005903839,0.92374589451,0.0,0.0,0.00628318530718,0.0,0.0,0.0
287,2_29,2,29,0.0,0.0,0.382683432365,0.9238795325110001,0.0,0.0,-0.014137166941200001,0.0,0.0,0.0
288,2_30,2,30,0.0,0.0,0.382844673933,0.9238127275810001,0.0,0.0,0.0012217304764,0.0,0.0,0.0
289,2_31,2,31,0.0,0.0,0.38276405460699997,0.923846133564,0.0,0.0,-0.00994837673637,0.0,0.0,0.0
290,2_32,2,32,0.0,0.0,0.38244154815700004,0.9239796871379999,0.0,0.0,-0.0144862327916,0.0,0.0,0.0
291,2_33,2,33,0.0,0.0,0.38236091426299995,0.92401305794,0.0,0.0,0.0005235987755980001,0.0,0.0,0.0
292,2_34,2,34,0.0,0.0,0.38236091426299995,0.92401305794,0.0,0.0,-0.011344640138,0.0,0.0,0.0
293,2_35,2,35,0.0,0.0,0.381957701122,0.924179806398,0.0,0.0,-0.0038397243543899996,0.0,0.0,0.0
294,2_36,2,36,0.0,0.0,0.381957701122,0.924179806398,0.0,0.0,-0.000698131700798,0.0,0.0,0.0
295,2_37,2,37,0.0,0.0,0.381957701122,0.924179806398,0.0,0.0,-0.00261799387799,0.0,0.0,0.0
296,2_38,2,38,0.0,0.0,0.381796395501,0.924246456516,0.0,0.0,-0.0162315620435,0.0,0.0,0.0
297,2_39,2,39,0.0,0.0,0.381473749372,0.924379672289,0.0,0.0,-0.0214675497995,0.0,0.0,0.0
298,2_40,2,40,0.0,0.0,0.381393080575,0.924412958633,0.0,0.0,-0.0167551608191,0.0,0.0,0.0
299,2_41,2,41,0.0,0.0,0.381231734269,0.924479510204,0.0,0.0,-0.00977384381117,0.0,0.0,0.0
300,2_42,2,42,0.0,0.0,0.381231734269,0.924479510204,0.0,0.0,-0.00244346095279,0.0,0.0,0.0
301,2_43,2,43,0.0,0.0,0.381231734269,0.924479510204,0.0,0.0,0.00593411945678,0.0,0.0,0.0
302,2_44,2,44,0.0,0.0,0.380989693038,0.924579284756,0.0,0.0,-0.00680678408278,0.0,0.0,0.0
303,2_45,2,45,0.0,0.0,0.380989693038,0.924579284756,0.0,0.0,0.0033161255787899995,0.0,0.0,0.0
304,2_46,2,46,0.0,0.0,0.380828317708,0.924645765919,0.0,0.0,0.004363323129989999,0.0,0.0,0.0
305,2_47,2,47,0.0,0.0,0.380828317708,0.924645765919,0.0,0.0,0.00174532925199,0.0,0.0,0.0
306,2_48,2,48,0.0,0.0,0.380666930779,0.924712218916,0.0,0.0,-0.014137166941200001,0.0,0.0,0.0
307,2_49,2,49,0.0,0.0,0.380424828643,0.9248118455940001,0.0,0.0,-0.00471238898038,0.0,0.0,0.0
308,2_50,2,50,0.0,0.0,0.380505532253,0.9247786437440001,0.0,0.0,-0.00994837673637,0.0,0.0,0.0
309,2_51,2,51,0.0,0.0,0.38010198524000005,0.924944582565,0.0,0.0,-0.007679448708779999,0.0,0.0,0.0
310,2_52,2,52,0.0,0.0,0.37994054616800005,0.925010908789,0.0,0.0,-0.000872664625997,0.0,0.0,0.0
311,2_53,2,53,0.0,0.0,0.37994054616800005,0.925010908789,0.0,0.0,0.010646508437200001,0.0,0.0,0.0
312,2_54,2,54,0.0,0.0,0.38010198524000005,0.924944582565,0.0,0.0,-0.0020943951023900003,0.0,0.0,0.0
313,2_55,2,55,0.0,0.0,0.37994054616800005,0.925010908789,0.0,0.0,-0.0151843644924,0.0,0.0,0.0
314,2_56,2,56,0.0,0.0,0.37977909552199995,0.9250772068340001,0.0,0.0,0.015358897417600001,0.0,0.0,0.0
315,2_57,2,57,0.0,0.0,0.380182700434,0.9249114088879999,0.0,0.0,-0.00610865238198,0.0,0.0,0.0
316,2_58,2,58,0.0,0.0,0.380021267151,0.924977749199,0.0,0.0,-0.0193731546971,0.0,0.0,0.0
317,2_59,2,59,0.0,0.0,0.37969836585999994,0.92511034529,0.0,0.0,-0.0111701072128,0.0,0.0,0.0
318,2_60,2,60,0.0,0.0,0.37961763330700005,0.9251434767010001,0.0,0.0,0.00872664625997,0.0,0.0,0.0
319,2_61,2,61,0.0,0.0,0.37969836585999994,0.92511034529,0.0,0.0,-0.0010471975512,0.0,0.0,0.0
320,2_62,2,62,0.0,0.0,0.379456159529,0.925209718386,0.0,0.0,-0.0207694180987,0.0,0.0,0.0
321,2_63,2,63,0.0,0.0,0.379133177301,0.9253421172030001,0.0,0.0,-0.008901179185170001,0.0,0.0,0.0
322,2_64,2,64,0.0,0.0,0.379052424524,0.9253751992910001,0.0,0.0,-0.00733038285838,0.0,0.0,0.0
323,2_65,2,65,0.0,0.0,0.379294674192,0.9252759318870001,0.0,0.0,0.006632251157579999,0.0,0.0,0.0
324,2_66,2,66,0.0,0.0,0.379133177301,0.9253421172030001,0.0,0.0,-0.005410520681180001,0.0,0.0,0.0
325,2_67,2,67,0.0,0.0,0.378890910311,0.925441342325,0.0,0.0,-0.0251327412287,0.0,0.0,0.0
326,2_68,2,68,0.0,0.0,0.378648617352,0.925540504018,0.0,0.0,-0.015533430342700001,0.0,0.0,0.0
327,2_69,2,69,0.0,0.0,0.37881014887599995,0.9254744032700001,0.0,0.0,0.0226892802759,0.0,0.0,0.0
328,2_70,2,70,0.0,0.0,0.374525679934,0.927216541629,0.0,0.0,-0.344353461418,0.0,0.0,0.0
329,2_71,2,71,0.0,0.0,0.366582419579,0.930385581174,0.0,0.0,-0.24033183800000002,0.0,0.0,0.0
330,2_72,2,72,0.0,0.0,0.35958969608999997,0.93311052425,0.0,0.0,-0.240855436775,0.0,0.0,0.0
331,2_73,2,73,0.0,0.0,0.353393209542,0.935474873767,0.0,0.0,-0.25062928058600004,0.0,0.0,0.0
332,2_74,2,74,0.0,0.0,0.346198928399,0.938161127939,0.0,0.0,-0.221307749153,0.0,0.0,0.0
333,2_75,2,75,0.0,0.0,0.338820026292,0.940851204912,0.0,0.0,-0.446629755585,0.0,0.0,0.0
334,2_76,2,76,0.0,0.0,0.320612990586,0.947210277746,0.0,0.0,-0.576307719009,0.0,0.0,0.0
335,2_77,2,77,0.0,0.0,0.306526078098,0.951862260753,0.0,0.0,-0.5057964172280001,0.0,0.0,0.0
336,2_78,2,78,0.0,0.0,0.299790158549,0.9540051681399999,0.0,0.0,-0.508239878181,0.0,0.0,0.0
337,2_79,2,79,0.0,0.0,0.285688367405,0.958322574465,0.0,0.0,-0.566184809347,0.0,0.0,0.0
338,2_80,2,80,0.0,0.0,0.268583597078,0.9632563788420001,0.0,0.0,-0.5237733085230001,0.0,0.0,0.0
339,2_81,2,81,0.0,0.0,0.263873049965,0.964557418458,0.0,0.0,-0.5309291584570001,0.0,0.0,0.0
340,2_82,2,82,0.0,0.0,0.250211026602,0.968191325187,0.0,0.0,-0.508239878181,0.0,0.0,0.0
341,2_83,2,83,0.0,0.0,0.24547658227400002,0.9694025209139999,0.0,0.0,-0.540004870567,0.0,0.0,0.0
342,2_84,2,84,0.0,0.0,0.228605744643,0.973519087392,0.0,0.0,-0.548906049752,0.0,0.0,0.0
343,2_85,2,85,0.0,0.0,0.223760469153,0.9746441670909999,0.0,0.0,-0.531103691382,0.0,0.0,0.0
344,2_86,2,86,0.0,0.0,0.20646035138,0.97845496744,0.0,0.0,-0.577180383635,0.0,0.0,0.0
345,2_87,2,87,0.0,0.0,0.191922493066,0.981410085874,0.0,0.0,-0.5372123437640001,0.0,0.0,0.0
346,2_88,2,88,0.0,0.0,0.186866964522,0.9823852287010001,0.0,0.0,-0.552222175331,0.0,0.0,0.0
347,2_89,2,89,0.0,0.0,0.16986551655699997,0.985467252771,0.0,0.0,-0.565137611796,0.0,0.0,0.0
348,2_90,2,90,0.0,0.0,0.16470331719,0.9863431539309999,0.0,0.0,-0.570024533701,0.0,0.0,0.0
349,2_91,2,91,0.0,0.0,0.1468599561,0.989157294516,0.0,0.0,-0.551349510705,0.0,0.0,0.0
350,2_92,2,92,0.0,0.0,0.13208338849600001,0.991238608249,0.0,0.0,-0.565486677646,0.0,0.0,0.0
351,2_93,2,93,0.0,0.0,0.114156921978,0.9934627306370001,0.0,0.0,-0.553792971658,0.0,0.0,0.0
352,2_94,2,94,0.0,0.0,0.0987987262748,0.9951074372579999,0.0,0.0,-0.5300564938310001,0.0,0.0,0.0
353,2_95,2,95,0.0,0.0,0.08159061156820001,0.996665928034,0.0,0.0,-0.521853446346,0.0,0.0,0.0
354,2_96,2,96,0.0,0.0,0.0668834102284,0.997760797705,0.0,0.0,-0.532325421858,0.0,0.0,0.0
355,2_97,2,97,0.0,0.0,0.048588281289300005,0.998818891953,0.0,0.0,-0.586256095745,0.0,0.0,0.0
356,2_98,2,98,0.0,0.0,0.0330679597775,0.999453105471,0.0,0.0,-0.557109097237,0.0,0.0,0.0
357,2_99,2,99,0.0,0.0,0.015707317311799997,0.999876632482,0.0,0.0,-0.548906049752,0.0,0.0,0.0
358,2_100,2,100,0.0,0.0,0.0,1.0,0.0,0.0,-0.5558873667600001,0.0,0.0,0.0
359,2_101,2,101,0.0,0.0,-0.0183249313961,0.999832084347,0.0,0.0,-0.544542726622,0.0,0.0,0.0
360,2_102,2,102,0.0,0.0,-0.0338529181312,0.999426825703,0.0,0.0,-0.554316570433,0.0,0.0,0.0
361,2_103,2,103,0.0,0.0,-0.051464467756000006,0.9986748262369999,0.0,0.0,-0.553792971658,0.0,0.0,0.0
362,2_104,2,104,0.0,0.0,-0.0564314072954,0.9984064784799999,0.0,0.0,-0.5316272901569999,0.0,0.0,0.0
363,2_105,2,105,0.0,0.0,-0.0721067328564,0.9973969215299999,0.0,0.0,-0.59515727493,0.0,0.0,0.0
364,2_106,2,106,0.0,0.0,-0.09071948716119999,0.9958764856389999,0.0,0.0,-0.5647885459449999,0.0,0.0,0.0
365,2_107,2,107,0.0,0.0,-0.0957588874503,0.995404558697,0.0,0.0,-0.544368193697,0.0,0.0,0.0
366,2_108,2,108,0.0,0.0,-0.11051493227499999,0.993874463775,0.0,0.0,-0.546113522949,0.0,0.0,0.0
367,2_109,2,109,0.0,0.0,-0.117970694112,0.993017077059,0.0,0.0,-0.532325421858,0.0,0.0,0.0
368,2_110,2,110,0.0,0.0,-0.133640258869,0.991029909341,0.0,0.0,-0.584510766493,0.0,0.0,0.0
369,2_111,2,111,0.0,0.0,-0.138827423723,0.990316588987,0.0,0.0,-0.557109097237,0.0,0.0,0.0
370,2_112,2,112,0.0,0.0,-0.156779223773,0.9876336744930001,0.0,0.0,-0.563392282544,0.0,0.0,0.0
371,2_113,2,113,0.0,0.0,-0.161862173785,0.986813374807,0.0,0.0,-0.560076156965,0.0,0.0,0.0
372,2_114,2,114,0.0,0.0,-0.180261640658,0.983618696908,0.0,0.0,-0.562694150843,0.0,0.0,0.0
373,2_115,2,115,0.0,0.0,-0.196031718269,0.9805975552860001,0.0,0.0,-0.5817182396899999,0.0,0.0,0.0
374,2_116,2,116,0.0,0.0,-0.20116340444699998,0.9795576985109999,0.0,0.0,-0.561297887441,0.0,0.0,0.0
375,2_117,2,117,0.0,0.0,-0.219420526195,0.975630377082,0.0,0.0,-0.5729915934300001,0.0,0.0,0.0
376,2_118,2,118,0.0,0.0,-0.2245258838,0.9744681254430001,0.0,0.0,-0.556410965536,0.0,0.0,0.0
377,2_119,2,119,0.0,0.0,-0.239973901267,0.970779339866,0.0,0.0,-0.559028959414,0.0,0.0,0.0
378,2_120,2,120,0.0,0.0,-0.258060328984,0.9661288043549999,0.0,0.0,-0.5979498017329999,0.0,0.0,0.0
379,2_121,2,121,0.0,0.0,-0.27337167328,0.961908482262,0.0,0.0,-0.582241838465,0.0,0.0,0.0
380,2_122,2,122,0.0,0.0,-0.289365946873,0.957218548081,0.0,0.0,-0.34644785652099996,0.0,0.0,0.0
381,2_123,2,123,0.0,0.0,-0.293873503404,0.9558443199590001,0.0,0.0,-0.169820536219,0.0,0.0,0.0
382,2_124,2,124,0.0,0.0,-0.300206393279,0.9538742691959999,0.0,0.0,-0.254643537866,0.0,0.0,0.0
383,2_125,2,125,0.0,0.0,-0.309099988536,0.951029545854,0.0,0.0,-0.373849525777,0.0,0.0,0.0
384,2_126,2,126,0.0,0.0,-0.319124721232,0.947712726673,0.0,0.0,-0.330216294477,0.0,0.0,0.0
385,2_127,2,127,0.0,0.0,-0.32713543538400003,0.9449774637080001,0.0,0.0,-0.275762021815,0.0,0.0,0.0
386,2_128,2,128,0.0,0.0,-0.330761467895,0.943714390775,0.0,0.0,-0.281696141272,0.0,0.0,0.0
387,3_0,3,0,0.0,0.0,-0.337752446654,0.9412349785140001,0.0,0.0,-0.24644049038199997,0.0,0.0,0.0
388,3_1,3,1,0.0,0.0,-0.34111794572400006,0.940020503556,0.0,0.0,0.0834267382453,0.0,0.0,0.0
389,3_2,3,2,0.0,0.0,-0.34037955021300004,0.9402881270100001,0.0,0.0,0.0720820981074,0.0,0.0,0.0
390,3_3,3,3,0.0,0.0,-0.340707751944,0.94016925485,0.0,0.0,-0.004363323129989999,0.0,0.0,0.0
391,3_4,3,4,0.0,0.0,-0.340789795892,0.94013951891,0.0,0.0,-0.0171042266695,0.0,0.0,0.0
392,3_5,3,5,0.0,0.0,-0.342840049499,0.939393794135,0.0,0.0,-0.0588175957922,0.0,0.0,0.0
393,3_6,3,6,0.0,0.0,-0.34308597046800005,0.939304006628,0.0,0.0,-0.017278759594700002,0.0,0.0,0.0
394,3_7,3,7,0.0,0.0,-0.343659694586,0.939094252095,0.0,0.0,-0.0404916386463,0.0,0.0,0.0
395,3_8,3,8,0.0,0.0,-0.343987479376,0.9389742350210001,0.0,0.0,-0.0371755130675,0.0,0.0,0.0
396,3_9,3,9,0.0,0.0,-0.344561001879,0.938763929848,0.0,0.0,-0.0383972435439,0.0,0.0,0.0
397,3_10,3,10,0.0,0.0,-0.34554388406099995,0.938402591742,0.0,0.0,-0.0019198621771900001,0.0,0.0,0.0
398,3_11,3,11,0.0,0.0,-0.34562577382,0.938372433776,0.0,0.0,-0.0178023583703,0.0,0.0,0.0
399,3_12,3,12,0.0,0.0,-0.34652638731200003,0.9380402245620001,0.0,0.0,-0.0216420827247,0.0,0.0,0.0
400,3_13,3,13,0.0,0.0,-0.347426681491,0.9377071509739999,0.0,0.0,-0.0298451302091,0.0,0.0,0.0
401,3_14,3,14,0.0,0.0,-0.347917616161,0.937525110258,0.0,0.0,-0.0160570291183,0.0,0.0,0.0
402,3_15,3,15,0.0,0.0,-0.348244852958,0.937403606985,0.0,0.0,-0.0261799387799,0.0,0.0,0.0
403,3_16,3,16,0.0,0.0,-0.348817415225,0.937190701424,0.0,0.0,-0.0151843644924,0.0,0.0,0.0
404,3_17,3,17,0.0,0.0,-0.349226308593,0.937038411905,0.0,0.0,0.00157079632679,0.0,0.0,0.0
405,3_18,3,18,0.0,0.0,-0.349471612705,0.936946952561,0.0,0.0,-0.0277507351067,0.0,0.0,0.0
406,3_19,3,19,0.0,0.0,-0.350125639858,0.936702747041,0.0,0.0,-0.0198967534727,0.0,0.0,0.0
407,3_20,3,20,0.0,0.0,-0.350616048252,0.936519293292,0.0,0.0,-0.010471975512,0.0,0.0,0.0
408,3_21,3,21,0.0,0.0,-0.35118806988000006,0.9363049394149999,0.0,0.0,-0.0287979326579,0.0,0.0,0.0
409,3_22,3,22,0.0,0.0,-0.352005016254,0.9359981135299998,0.0,0.0,-0.024609142453099996,0.0,0.0,0.0
410,3_23,3,23,0.0,0.0,-0.35257671925300005,0.935782911279,0.0,0.0,-0.0169296937443,0.0,0.0,0.0
411,3_24,3,24,0.0,0.0,-0.353393209542,0.935474873767,0.0,0.0,-0.024609142453099996,0.0,0.0,0.0
412,3_25,3,25,0.0,0.0,-0.353882974576,0.9352897092910001,0.0,0.0,-0.0205948851735,0.0,0.0,0.0
413,3_26,3,26,0.0,0.0,-0.35437264259,0.9351042884,0.0,0.0,-0.0186750229963,0.0,0.0,0.0
414,3_27,3,27,0.0,0.0,-0.354535843679,0.935042424464,0.0,0.0,-0.0183259571459,0.0,0.0,0.0
415,3_28,3,28,0.0,0.0,-0.355270114859,0.934763684301,0.0,0.0,-0.039968039870699995,0.0,0.0,0.0
416,3_29,3,29,0.0,0.0,-0.356167259757,0.934422218848,0.0,0.0,-0.0291469985083,0.0,0.0,0.0
417,3_30,3,30,0.0,0.0,-0.35641187871299995,0.934328942457,0.0,0.0,-0.030717794835099996,0.0,0.0,0.0
418,3_31,3,31,0.0,0.0,-0.357064076459,0.9340798923549999,0.0,0.0,-0.0176278254451,0.0,0.0,0.0
419,3_32,3,32,0.0,0.0,-0.35739011009000005,0.933955196575,0.0,0.0,-0.0253072741539,0.0,0.0,0.0
420,3_33,3,33,0.0,0.0,-0.358042046673,0.933705463631,0.0,0.0,-0.0129154364648,0.0,0.0,0.0
421,3_34,3,34,0.0,0.0,-0.358123526483,0.9336742150130001,0.0,0.0,-0.014660765716799999,0.0,0.0,0.0
422,3_35,3,35,0.0,0.0,-0.358612348046,0.933486573995,0.0,0.0,-0.0207694180987,0.0,0.0,0.0
423,3_36,3,36,0.0,0.0,-0.35885672196699997,0.933392657513,0.0,0.0,-0.0275762021815,0.0,0.0,0.0
424,3_37,3,37,0.0,0.0,-0.35934539600599996,0.933204632634,0.0,0.0,-0.0005235987755980001,0.0,0.0,0.0
425,3_38,3,38,0.0,0.0,-0.35958969608999997,0.93311052425,0.0,0.0,-0.020943951023900002,0.0,0.0,0.0
426,3_39,3,39,0.0,0.0,-0.36007822230400005,0.932922115625,0.0,0.0,-0.0150098315672,0.0,0.0,0.0
427,3_40,3,40,0.0,0.0,-0.360403851612,0.93279636778,0.0,0.0,-0.012217304764,0.0,0.0,0.0
428,3_41,3,41,0.0,0.0,-0.360648044776,0.932701982307,0.0,0.0,-0.012217304764,0.0,0.0,0.0
429,3_42,3,42,0.0,0.0,-0.36138047589199995,0.9324184423549999,0.0,0.0,-0.0268780704807,0.0,0.0,0.0
430,3_43,3,43,0.0,0.0,-0.36186863948700004,0.932229096175,0.0,0.0,-0.00610865238198,0.0,0.0,0.0
431,3_44,3,44,0.0,0.0,-0.36211268409,0.932134327241,0.0,0.0,-0.013089969390000001,0.0,0.0,0.0
432,3_45,3,45,0.0,0.0,-0.362844668919,0.93184963714,0.0,0.0,-0.022863813201099998,0.0,0.0,0.0
433,3_46,3,46,0.0,0.0,-0.36333253448700004,0.931659524388,0.0,0.0,-0.015533430342700001,0.0,0.0,0.0
434,3_47,3,47,0.0,0.0,-0.363576429927,0.931564372227,0.0,0.0,-0.010471975512,0.0,0.0,0.0
435,3_48,3,48,0.0,0.0,-0.36438923465800005,0.931246737264,0.0,0.0,-0.027925268031900003,0.0,0.0,0.0
436,3_49,3,49,0.0,0.0,-0.364958032896,0.931023970811,0.0,0.0,-0.020071286397900002,0.0,0.0,0.0
437,3_50,3,50,0.0,0.0,-0.36536423398400003,0.930864639207,0.0,0.0,-0.0134390352404,0.0,0.0,0.0
438,3_51,3,51,0.0,0.0,-0.366095220599,0.930577395736,0.0,0.0,-0.0136135681656,0.0,0.0,0.0
439,3_52,3,52,0.0,0.0,-0.366257631418,0.9305134858930001,0.0,0.0,-0.012391837689200002,0.0,0.0,0.0
440,3_53,3,53,0.0,0.0,-0.366582419579,0.930385581174,0.0,0.0,-0.0216420827247,0.0,0.0,0.0
441,3_54,3,54,0.0,0.0,-0.366988341962,0.930225540858,0.0,0.0,-0.00628318530718,0.0,0.0,0.0
442,3_55,3,55,0.0,0.0,-0.36706951805699994,0.930193511541,0.0,0.0,-0.0111701072128,0.0,0.0,0.0
443,3_56,3,56,0.0,0.0,-0.36755651590099997,0.930001186891,0.0,0.0,-0.0134390352404,0.0,0.0,0.0
444,3_57,3,57,0.0,0.0,-0.367637672416,0.929969107993,0.0,0.0,-0.0171042266695,0.0,0.0,0.0
445,3_58,3,58,0.0,0.0,-0.367962270469,0.9298407215819999,0.0,0.0,-0.0136135681656,0.0,0.0,0.0
446,3_59,3,59,0.0,0.0,-0.368043412978,0.929808607275,0.0,0.0,-0.014137166941200001,0.0,0.0,0.0
447,3_60,3,60,0.0,0.0,-0.368530209154,0.929615772748,0.0,0.0,-0.0205948851735,0.0,0.0,0.0
448,3_61,3,61,0.0,0.0,-0.3686924521,0.9295514379340001,0.0,0.0,-0.013788101090799998,0.0,0.0,0.0
449,3_62,3,62,0.0,0.0,-0.369260213935,0.9293260431110001,0.0,0.0,-0.0164060949687,0.0,0.0,0.0
450,3_63,3,63,0.0,0.0,-0.36934131152500005,0.9292938155399999,0.0,0.0,-0.00174532925199,0.0,0.0,0.0
451,3_64,3,64,0.0,0.0,-0.369422406303,0.9292615808920001,0.0,0.0,-0.0013962634016,0.0,0.0,0.0
452,3_65,3,65,0.0,0.0,-0.370395324019,0.9288742131990001,0.0,0.0,-0.035081117965099995,0.0,0.0,0.0
453,3_66,3,66,0.0,0.0,-0.370719539713,0.928744864252,0.0,0.0,-0.0293215314335,0.0,0.0,0.0
454,3_67,3,67,0.0,0.0,-0.371043710237,0.928615402141,0.0,0.0,-0.00244346095279,0.0,0.0,0.0
455,3_68,3,68,0.0,0.0,-0.371286808463,0.928518231303,0.0,0.0,-0.0195476876223,0.0,0.0,0.0
456,3_69,3,69,0.0,0.0,-0.37201595038699997,0.928226336977,0.0,0.0,-0.0251327412287,0.0,0.0,0.0
457,3_70,3,70,0.0,0.0,-0.372663883908,0.927966394667,0.0,0.0,-0.0010471975512,0.0,0.0,0.0
458,3_71,3,71,0.0,0.0,-0.37282583892,0.927901338416,0.0,0.0,-0.0167551608191,0.0,0.0,0.0
459,3_72,3,72,0.0,0.0,-0.37363544353,0.9275756332170001,0.0,0.0,-0.0242600766027,0.0,0.0,0.0
460,3_73,3,73,0.0,0.0,-0.374121069757,0.9273798710150001,0.0,0.0,-0.0151843644924,0.0,0.0,0.0
461,3_74,3,74,0.0,0.0,-0.37420199749300004,0.927347219262,0.0,0.0,-0.00157079632679,0.0,0.0,0.0
462,3_75,3,75,0.0,0.0,-0.374525679934,0.927216541629,0.0,0.0,-0.027227136331099997,0.0,0.0,0.0
463,3_76,3,76,0.0,0.0,-0.375172907873,0.9269548474429999,0.0,0.0,-0.022165681500300002,0.0,0.0,0.0
464,3_77,3,77,0.0,0.0,-0.375819952958,0.926692701471,0.0,0.0,-0.00453785605519,0.0,0.0,0.0
465,3_78,3,78,0.0,0.0,-0.375819952958,0.926692701471,0.0,0.0,-0.000174532925199,0.0,0.0,0.0
466,3_79,3,79,0.0,0.0,-0.376305116583,0.926495795583,0.0,0.0,-0.0394444410951,0.0,0.0,0.0
467,3_80,3,80,0.0,0.0,-0.376709340802,0.926331513311,0.0,0.0,0.005410520681180001,0.0,0.0,0.0
468,3_81,3,81,0.0,0.0,-0.376709340802,0.926331513311,0.0,0.0,0.005410520681180001,0.0,0.0,0.0
469,3_82,3,82,0.0,0.0,-0.377113493301,0.9261670546780001,0.0,0.0,-0.030717794835099996,0.0,0.0,0.0
470,3_83,3,83,0.0,0.0,-0.37759838152099995,0.925969471566,0.0,0.0,0.00174532925199,0.0,0.0,0.0
471,3_84,3,84,0.0,0.0,-0.377679186163,0.925936516366,0.0,0.0,-0.0109955742876,0.0,0.0,0.0
472,3_85,3,85,0.0,0.0,-0.377840786818,0.9258705848100001,0.0,0.0,-0.0230383461263,0.0,0.0,0.0
473,3_86,3,86,0.0,0.0,-0.378406298442,0.9256396022750001,0.0,0.0,-0.0162315620435,0.0,0.0,0.0
474,3_87,3,87,0.0,0.0,-0.37881014887599995,0.9254744032700001,0.0,0.0,-0.00418879020479,0.0,0.0,0.0
475,3_88,3,88,0.0,0.0,-0.37881014887599995,0.9254744032700001,0.0,0.0,0.000349065850399,0.0,0.0,0.0
476,3_89,3,89,0.0,0.0,-0.37921392719,0.925309028068,0.0,0.0,-0.0254818070791,0.0,0.0,0.0
477,3_90,3,90,0.0,0.0,-0.380021267151,0.924977749199,0.0,0.0,-0.0293215314335,0.0,0.0,0.0
478,3_91,3,91,0.0,0.0,-0.380263412733,0.9248782281669999,0.0,0.0,-0.026005405854700004,0.0,0.0,0.0
479,3_92,3,92,0.0,0.0,-0.380666930779,0.924712218916,0.0,0.0,-0.0144862327916,0.0,0.0,0.0
480,3_93,3,93,0.0,0.0,-0.380989693038,0.924579284756,0.0,0.0,-0.0191986217719,0.0,0.0,0.0
481,3_94,3,94,0.0,0.0,-0.381231734269,0.924479510204,0.0,0.0,-0.0242600766027,0.0,0.0,0.0
482,3_95,3,95,0.0,0.0,-0.381635078249,0.9243130784799999,0.0,0.0,-0.0219911485751,0.0,0.0,0.0
483,3_96,3,96,0.0,0.0,-0.38219963773800003,0.924079778435,0.0,0.0,-0.012217304764,0.0,0.0,0.0
484,3_97,3,97,0.0,0.0,-0.382683432365,0.9238795325110001,0.0,0.0,-0.0237364778271,0.0,0.0,0.0
485,3_98,3,98,0.0,0.0,-0.383005903839,0.92374589451,0.0,0.0,-0.00558505360638,0.0,0.0,0.0
486,3_99,3,99,0.0,0.0,-0.383328328644,0.923612143954,0.0,0.0,-0.00296705972839,0.0,0.0,0.0
487,3_100,3,100,0.0,0.0,-0.383328328644,0.923612143954,0.0,0.0,-0.0136135681656,0.0,0.0,0.0
488,3_101,3,101,0.0,0.0,-0.383731293965,0.9234447975010001,0.0,0.0,-0.0134390352404,0.0,0.0,0.0
489,3_102,3,102,0.0,0.0,-0.38429532266000005,0.923210217113,0.0,0.0,-0.014835298642,0.0,0.0,0.0
490,3_103,3,103,0.0,0.0,-0.3846175604,0.923076016497,0.0,0.0,-0.00855211333477,0.0,0.0,0.0
491,3_104,3,104,0.0,0.0,-0.384939751276,0.922941703407,0.0,0.0,-0.021118483949099997,0.0,0.0,0.0
492,3_105,3,105,0.0,0.0,-0.38526189524800003,0.922807277859,0.0,0.0,-0.0125663706144,0.0,0.0,0.0
493,3_106,3,106,0.0,0.0,-0.38542294963299994,0.9227400229189999,0.0,0.0,-0.011868238913600001,0.0,0.0,0.0
494,3_107,3,107,0.0,0.0,-0.385583992277,0.92267273987,0.0,0.0,-0.013788101090799998,0.0,0.0,0.0
495,3_108,3,108,0.0,0.0,-0.386308538754,0.9223696183660001,0.0,0.0,-0.013962634016,0.0,0.0,0.0
496,3_109,3,109,0.0,0.0,-0.386389029217,0.922335903075,0.0,0.0,-0.007679448708779999,0.0,0.0,0.0
497,3_110,3,110,0.0,0.0,-0.38687191017899997,0.9221334638299998,0.0,0.0,-0.0162315620435,0.0,0.0,0.0
498,3_111,3,111,0.0,0.0,-0.387113310895,0.9220321494,0.0,0.0,-0.0202458193231,0.0,0.0,0.0
499,3_112,3,112,0.0,0.0,-0.387274229966,0.921964571339,0.0,0.0,-0.0193731546971,0.0,0.0,0.0
500,3_113,3,113,0.0,0.0,-0.387676476022,0.921795503319,0.0,0.0,-0.0183259571459,0.0,0.0,0.0
501,3_114,3,114,0.0,0.0,-0.387917788232,0.9216939782670001,0.0,0.0,-0.0186750229963,0.0,0.0,0.0
502,3_115,3,115,0.0,0.0,-0.388239496484,0.921558513264,0.0,0.0,-0.00279252680319,0.0,0.0,0.0
503,3_116,3,116,0.0,0.0,-0.388319916157,0.921524629468,0.0,0.0,-0.00523598775598,0.0,0.0,0.0
504,3_117,3,117,0.0,0.0,-0.388802372073,0.921321179324,0.0,0.0,-0.017278759594700002,0.0,0.0,0.0
505,3_118,3,118,0.0,0.0,-0.38896316703100003,0.9212533064759999,0.0,0.0,-0.0158824961931,0.0,0.0,0.0
506,3_119,3,119,0.0,0.0,-0.389606228328,0.9209815344769999,0.0,0.0,-0.033684854563500004,0.0,0.0,0.0
507,3_120,3,120,0.0,0.0,-0.390168751206,0.9207433657549999,0.0,0.0,-0.0268780704807,0.0,0.0,0.0
508,3_121,3,121,0.0,0.0,-0.390490127495,0.9206071150759999,0.0,0.0,0.0125663706144,0.0,0.0,0.0
509,3_122,3,122,0.0,0.0,-0.39065079779899997,0.9205389476710001,0.0,0.0,-0.0298451302091,0.0,0.0,0.0
510,3_123,3,123,0.0,0.0,-0.391052421488,0.920368406481,0.0,0.0,-0.012391837689200002,0.0,0.0,0.0
511,3_124,3,124,0.0,0.0,-0.39137366683700003,0.9202318473659999,0.0,0.0,-0.00244346095279,0.0,0.0,0.0
512,3_125,3,125,0.0,0.0,-0.391614569557,0.920129354445,0.0,0.0,-0.013788101090799998,0.0,0.0,0.0
513,3_126,3,126,0.0,0.0,-0.391935731427,0.9199925991169999,0.0,0.0,-0.0160570291183,0.0,0.0,0.0
514,3_127,3,127,0.0,0.0,-0.39273842708499995,0.919650220405,0.0,0.0,-0.00174532925199,0.0,0.0,0.0
515,3_128,3,128,0.0,0.0,-0.392577911861,0.919718752184,0.0,0.0,0.00680678408278,0.0,0.0,0.0
516,4_0,4,0,0.0,0.0,-0.39281868021099997,0.9196159440100001,0.0,0.0,-0.026529004630299998,0.0,0.0,0.0
517,4_1,4,1,0.0,0.0,-0.393621046838,0.9192727949230001,0.0,0.0,-0.020943951023900002,0.0,0.0,0.0
518,4_2,4,2,0.0,0.0,-0.393861698401,0.9191697136720001,0.0,0.0,-0.000698131700798,0.0,0.0,0.0
519,4_3,4,3,0.0,0.0,-0.394022117781,0.9191009578389999,0.0,0.0,-0.014137166941200001,0.0,0.0,0.0
520,4_4,4,4,0.0,0.0,-0.39450330388300003,0.918894522361,0.0,0.0,-0.0136135681656,0.0,0.0,0.0
521,4_5,4,5,0.0,0.0,-0.39458349105499996,0.918860091955,0.0,0.0,-0.00977384381117,0.0,0.0,0.0
522,4_6,4,6,0.0,0.0,-0.39490420968900003,0.918722300355,0.0,0.0,-0.00593411945678,0.0,0.0,0.0
523,4_7,4,7,0.0,0.0,-0.395064550964,0.9186533625759999,0.0,0.0,-0.0214675497995,0.0,0.0,0.0
524,4_8,4,8,0.0,0.0,-0.39522488020400004,0.918584396813,0.0,0.0,-0.0144862327916,0.0,0.0,0.0
525,4_9,4,9,0.0,0.0,-0.395785937705,0.918342796299,0.0,0.0,-0.0125663706144,0.0,0.0,0.0
526,4_10,4,10,0.0,0.0,-0.395866076726,0.9183082539640001,0.0,0.0,-0.00279252680319,0.0,0.0,0.0
527,4_11,4,11,0.0,0.0,-0.396346847517,0.9181008531,0.0,0.0,-0.013089969390000001,0.0,0.0,0.0
528,4_12,4,12,0.0,0.0,-0.39658719217200006,0.9179970582770001,0.0,0.0,-0.0287979326579,0.0,0.0,0.0
529,4_13,4,13,0.0,0.0,-0.396907609428,0.917858567306,0.0,0.0,0.015533430342700001,0.0,0.0,0.0
530,4_14,4,14,0.0,0.0,-0.396827509647,0.917893200535,0.0,0.0,0.000349065850399,0.0,0.0,0.0
531,4_15,4,15,0.0,0.0,-0.397147890635,0.9177546256839999,0.0,0.0,-0.015358897417600001,0.0,0.0,0.0
532,4_16,4,16,0.0,0.0,-0.397548298815,0.917581249868,0.0,0.0,-0.0136135681656,0.0,0.0,0.0
533,4_17,4,17,0.0,0.0,-0.39762837137100004,0.9175465537399999,0.0,0.0,-0.009599310885969999,0.0,0.0,0.0
534,4_18,4,18,0.0,0.0,-0.402507048075,0.915416886588,0.0,0.0,-0.33894294073700004,0.0,0.0,0.0
535,4_19,4,19,0.0,0.0,-0.40522136894599997,0.9142185964799999,0.0,0.0,-0.315904594611,0.0,0.0,0.0
536,4_20,4,20,0.0,0.0,-0.41215053779,0.911115763336,0.0,0.0,-0.27070056698399997,0.0,0.0,0.0
537,4_21,4,21,0.0,0.0,-0.419610513116,0.907704256508,0.0,0.0,-0.251676478138,0.0,0.0,0.0
538,4_22,4,22,0.0,0.0,-0.426963342288,0.9042689336380001,0.0,0.0,-0.276285620591,0.0,0.0,0.0
539,4_23,4,23,0.0,0.0,-0.436644779265,0.899634001548,0.0,0.0,-0.522551578047,0.0,0.0,0.0
540,4_24,4,24,0.0,0.0,-0.452201221762,0.891915946172,0.0,0.0,-0.58643062867,0.0,0.0,0.0
541,4_25,4,25,0.0,0.0,-0.46862377777099995,0.883397846334,0.0,0.0,-0.551000444855,0.0,0.0,0.0
542,4_26,4,26,0.0,0.0,-0.482518212408,0.8758859370350001,0.0,0.0,-0.609294441871,0.0,0.0,0.0
543,4_27,4,27,0.0,0.0,-0.49863903418600003,0.8668097332089999,0.0,0.0,-0.557109097237,0.0,0.0,0.0
544,4_28,4,28,0.0,0.0,-0.511743000114,0.859138581274,0.0,0.0,-0.5389576730160001,0.0,0.0,0.0
545,4_29,4,29,0.0,0.0,-0.518400183115,0.85513814682,0.0,0.0,-0.5656612105709999,0.0,0.0,0.0
546,4_30,4,30,0.0,0.0,-0.531694248471,0.846936376679,0.0,0.0,-0.573515192205,0.0,0.0,0.0
547,4_31,4,31,0.0,0.0,-0.5471250196840001,0.8370509021770001,0.0,0.0,-0.587826892072,0.0,0.0,0.0
548,4_32,4,32,0.0,0.0,-0.560783509816,0.8279624720469999,0.0,0.0,-0.552396708256,0.0,0.0,0.0
549,4_33,4,33,0.0,0.0,-0.575290805133,0.817948952887,0.0,0.0,-0.5265658353270001,0.0,0.0,0.0
550,4_34,4,34,0.0,0.0,-0.579210036818,0.815178344443,0.0,0.0,-0.514348530563,0.0,0.0,0.0
551,4_35,4,35,0.0,0.0,-0.591309648364,0.8064446042669999,0.0,0.0,-0.537735942539,0.0,0.0,0.0
552,4_36,4,36,0.0,0.0,-0.605710690725,0.795684962244,0.0,0.0,-0.551873109481,0.0,0.0,0.0
553,4_37,4,37,0.0,0.0,-0.609799404258,0.7925557939769999,0.0,0.0,-0.559028959414,0.0,0.0,0.0
554,4_38,4,38,0.0,0.0,-0.6224463388220001,0.7826624785230001,0.0,0.0,-0.572293461729,0.0,0.0,0.0
555,4_39,4,39,0.0,0.0,-0.636885914735,0.770958060864,0.0,0.0,-0.562694150843,0.0,0.0,0.0
556,4_40,4,40,0.0,0.0,-0.640846903691,0.7676687085130001,0.0,0.0,-0.552920307032,0.0,0.0,0.0
557,4_41,4,41,0.0,0.0,-0.655004616457,0.7556248754639999,0.0,0.0,-0.562519617918,0.0,0.0,0.0
558,4_42,4,42,0.0,0.0,-0.658952062334,0.752184937064,0.0,0.0,-0.567755605674,0.0,0.0,0.0
559,4_43,4,43,0.0,0.0,-0.670685576537,0.741741772739,0.0,0.0,-0.555363767985,0.0,0.0,0.0
560,4_44,4,44,0.0,0.0,-0.684419866476,0.729088092327,0.0,0.0,-0.571769862953,0.0,0.0,0.0
561,4_45,4,45,0.0,0.0,-0.6962260720450001,0.717822580172,0.0,0.0,-0.582939970166,0.0,0.0,0.0
562,4_46,4,46,0.0,0.0,-0.7093247295720001,0.704881853942,0.0,0.0,-0.5799729104379999,0.0,0.0,0.0
563,4_47,4,47,0.0,0.0,-0.720369554815,0.693590444351,0.0,0.0,-0.584510766493,0.0,0.0,0.0
564,4_48,4,48,0.0,0.0,-0.732899222969,0.6803372171,0.0,0.0,-0.562868683768,0.0,0.0,0.0
565,4_49,4,49,0.0,0.0,-0.7437284690449999,0.668481835454,0.0,0.0,-0.567755605674,0.0,0.0,0.0
566,4_50,4,50,0.0,0.0,-0.756024854007,0.654542909306,0.0,0.0,-0.537561409614,0.0,0.0,0.0
567,4_51,4,51,0.0,0.0,-0.765988346401,0.642854457228,0.0,0.0,-0.578402114111,0.0,0.0,0.0
568,4_52,4,52,0.0,0.0,-0.777859402544,0.628438342142,0.0,0.0,-0.598124334658,0.0,0.0,0.0
569,4_53,4,53,0.0,0.0,-0.787742045607,0.616005251263,0.0,0.0,-0.585732496969,0.0,0.0,0.0
570,4_54,4,54,0.0,0.0,-0.792821793707,0.609453528518,0.0,0.0,-0.5970771371069999,0.0,0.0,0.0
571,4_55,4,55,0.0,0.0,-0.8024531123749999,0.596715176981,0.0,0.0,-0.577005850709,0.0,0.0,0.0
572,4_56,4,56,0.0,0.0,-0.813253132618,0.581910080929,0.0,0.0,-0.581892772615,0.0,0.0,0.0
573,4_57,4,57,0.0,0.0,-0.81649043092,0.577358966516,0.0,0.0,-0.60423298704,0.0,0.0,0.0
574,4_58,4,58,0.0,0.0,-0.8257539019110001,0.564030578496,0.0,0.0,-0.584859832343,0.0,0.0,0.0
575,4_59,4,59,0.0,0.0,-0.828793499711,0.55955458611,0.0,0.0,-0.582241838465,0.0,0.0,0.0
576,4_60,4,60,0.0,0.0,-0.8392404526520001,0.543760482779,0.0,0.0,-0.6078981784699999,0.0,0.0,0.0
577,4_61,4,61,0.0,0.0,-0.8422642792039999,0.539064823539,0.0,0.0,-0.596204472481,0.0,0.0,0.0
578,4_62,4,62,0.0,0.0,-0.852503345332,0.522721767481,0.0,0.0,-0.603185789489,0.0,0.0,0.0
579,4_63,4,63,0.0,0.0,-0.860875264236,0.508816056573,0.0,0.0,-0.59550634078,0.0,0.0,0.0
580,4_64,4,64,0.0,0.0,-0.863659602288,0.504075481823,0.0,0.0,-0.596728071257,0.0,0.0,0.0
581,4_65,4,65,0.0,0.0,-0.872666514903,0.488316653174,0.0,0.0,-0.571944395879,0.0,0.0,0.0
582,4_66,4,66,0.0,0.0,-0.879814543441,0.475317124823,0.0,0.0,-0.464083048105,0.0,0.0,0.0
583,4_67,4,67,0.0,0.0,-0.883520501477,0.468392488698,0.0,0.0,-0.202109127381,0.0,0.0,0.0
584,4_68,4,68,0.0,0.0,-0.886041804419,0.46360535029399996,0.0,0.0,-0.207868713913,0.0,0.0,0.0
585,4_69,4,69,0.0,0.0,-0.890649686112,0.454690154533,0.0,0.0,-0.325329372572,0.0,0.0,0.0
586,4_70,4,70,0.0,0.0,-0.8945446398379999,0.446978620671,0.0,0.0,-0.309272343453,0.0,0.0,0.0
587,4_71,4,71,0.0,0.0,-0.898411153119,0.43915532554,0.0,0.0,-0.273493093788,0.0,0.0,0.0
588,4_72,4,72,0.0,0.0,-0.902133959368,0.431456045681,0.0,0.0,-0.322013246993,0.0,0.0,0.0
589,4_73,4,73,0.0,0.0,-0.905901685124,0.42348805991300004,0.0,0.0,-0.141371669412,0.0,0.0,0.0
590,4_74,4,74,0.0,0.0,-0.905642821984,0.424041364714,0.0,0.0,-0.00244346095279,0.0,0.0,0.0
591,4_75,4,75,0.0,0.0,-0.90593863798,0.42340900346500004,0.0,0.0,-0.0406661715715,0.0,0.0,0.0
592,4_76,4,76,0.0,0.0,-0.9067130538160001,0.421748074139,0.0,0.0,-0.047996554429800005,0.0,0.0,0.0
593,4_77,4,77,0.0,0.0,-0.9068234361299999,0.421510682766,0.0,0.0,-0.00628318530718,0.0,0.0,0.0
594,4_78,4,78,0.0,0.0,-0.9068969898100001,0.4213524058,0.0,0.0,-0.0116937059884,0.0,0.0,0.0
595,4_79,4,79,0.0,0.0,-0.907227639472,0.420640000688,0.0,0.0,-0.0345575191895,0.0,0.0,0.0
596,4_80,4,80,0.0,0.0,-0.9073377316750001,0.420402474635,0.0,0.0,-0.0329867228627,0.0,0.0,0.0
597,4_81,4,81,0.0,0.0,-0.907704256508,0.419610513116,0.0,0.0,-0.041015237421900004,0.0,0.0,0.0
598,4_82,4,82,0.0,0.0,-0.907850672905,0.419293639,0.0,0.0,-0.0375245789179,0.0,0.0,0.0
599,4_83,4,83,0.0,0.0,-0.908216229902,0.418501230277,0.0,0.0,-0.0232128790515,0.0,0.0,0.0
600,4_84,4,84,0.0,0.0,-0.908325762142,0.418263445485,0.0,0.0,-0.022863813201099998,0.0,0.0,0.0
601,4_85,4,85,0.0,0.0,-0.908617543735,0.41762921259900004,0.0,0.0,-0.0274016692563,0.0,0.0,0.0
602,4_86,4,86,0.0,0.0,-0.909018020308,0.416756810089,0.0,0.0,-0.030717794835099996,0.0,0.0,0.0
603,4_87,4,87,0.0,0.0,-0.909127095833,0.416518815449,0.0,0.0,-0.0249582083035,0.0,0.0,0.0
604,4_88,4,88,0.0,0.0,-0.909417659249,0.41588402355099996,0.0,0.0,-0.0198967534727,0.0,0.0,0.0
605,4_89,4,89,0.0,0.0,-0.909490230853,0.415725293894,0.0,0.0,-0.00994837673637,0.0,0.0,0.0
606,4_90,4,90,0.0,0.0,-0.909888879393,0.41485205454199997,0.0,0.0,-0.05201081170940001,0.0,0.0,0.0
607,4_91,4,91,0.0,0.0,-0.910286689499,0.413978432917,0.0,0.0,-0.024609142453099996,0.0,0.0,0.0
608,4_92,4,92,0.0,0.0,-0.9105033233100001,0.413501751195,0.0,0.0,-0.012391837689200002,0.0,0.0,0.0
609,4_93,4,93,0.0,0.0,-0.9107917800830001,0.412865999246,0.0,0.0,-0.0357792496659,0.0,0.0,0.0
610,4_94,4,94,0.0,0.0,-0.9111876832979999,0.411991511814,0.0,0.0,-0.0198967534727,0.0,0.0,0.0
611,4_95,4,95,0.0,0.0,-0.9115109796080001,0.41127573968599995,0.0,0.0,-0.0403171057211,0.0,0.0,0.0
612,4_96,4,96,0.0,0.0,-0.911976970473,0.410241398845,0.0,0.0,-0.0293215314335,0.0,0.0,0.0
613,4_97,4,97,0.0,0.0,-0.9122988920049999,0.40952500735200004,0.0,0.0,-0.0298451302091,0.0,0.0,0.0
614,4_98,4,98,0.0,0.0,-0.912620250784,0.408808363244,0.0,0.0,-0.0312413936107,0.0,0.0,0.0
615,4_99,4,99,0.0,0.0,-0.913012258106,0.40793212247599997,0.0,0.0,-0.028448866807499997,0.0,0.0,0.0
616,4_100,4,100,0.0,0.0,-0.913438942933,0.406975794776,0.0,0.0,-0.04485496177630001,0.0,0.0,0.0
617,4_101,4,101,0.0,0.0,-0.9136164326639999,0.406577193121,0.0,0.0,-0.037873644768300005,0.0,0.0,0.0
618,4_102,4,102,0.0,0.0,-0.913829190738,0.406098768964,0.0,0.0,-0.020943951023900002,0.0,0.0,0.0
619,4_103,4,103,0.0,0.0,-0.914253955234,0.40514158678,0.0,0.0,-0.0394444410951,0.0,0.0,0.0
620,4_104,4,104,0.0,0.0,-0.914430644564,0.404742629683,0.0,0.0,-0.0415388361975,0.0,0.0,0.0
621,4_105,4,105,0.0,0.0,-0.914642441951,0.404263779458,0.0,0.0,-0.00418879020479,0.0,0.0,0.0
622,4_106,4,106,0.0,0.0,-0.91471298536,0.40410413808,0.0,0.0,-0.0191986217719,0.0,0.0,0.0
623,4_107,4,107,0.0,0.0,-0.9149596678499999,0.40354529635200004,0.0,0.0,-0.0261799387799,0.0,0.0,0.0
624,4_108,4,108,0.0,0.0,-0.915100475986,0.403225890599,0.0,0.0,-0.037873644768300005,0.0,0.0,0.0
625,4_109,4,109,0.0,0.0,-0.9154871233769999,0.402347271558,0.0,0.0,-0.0116937059884,0.0,0.0,0.0
626,4_110,4,110,0.0,0.0,-0.9155573322799998,0.402187482785,0.0,0.0,-0.0164060949687,0.0,0.0,0.0
627,4_111,4,111,0.0,0.0,-0.9157327325139999,0.401787957264,0.0,0.0,-0.010646508437200001,0.0,0.0,0.0
628,4_112,4,112,0.0,0.0,-0.916083009922,0.400988676813,0.0,0.0,-0.0404916386463,0.0,0.0,0.0
629,4_113,4,113,0.0,0.0,-0.916222925562,0.40066887909500004,0.0,0.0,-0.0328121899375,0.0,0.0,0.0
630,4_114,4,114,0.0,0.0,-0.916467509289,0.400109115638,0.0,0.0,-0.021118483949099997,0.0,0.0,0.0
631,4_115,4,115,0.0,0.0,-0.9165373275450001,0.39994915579,0.0,0.0,-0.0195476876223,0.0,0.0,0.0
632,4_116,4,116,0.0,0.0,-0.91678147156,0.39938920041000003,0.0,0.0,-0.0387463093943,0.0,0.0,0.0
633,4_117,4,117,0.0,0.0,-0.917233974186,0.398348888036,0.0,0.0,-0.014835298642,0.0,0.0,0.0
634,4_118,4,118,0.0,0.0,-0.9174424234340001,0.39786857086800004,0.0,0.0,-0.0164060949687,0.0,0.0,0.0
635,4_119,4,119,0.0,0.0,-0.917719964498,0.39722797832199996,0.0,0.0,-0.0291469985083,0.0,0.0,0.0
636,4_120,4,120,0.0,0.0,-0.9179970582770001,0.39658719217200006,0.0,0.0,-0.020071286397900002,0.0,0.0,0.0
637,4_121,4,121,0.0,0.0,-0.9183082539640001,0.395866076726,0.0,0.0,-0.0232128790515,0.0,0.0,0.0
638,4_122,4,122,0.0,0.0,-0.918584396813,0.39522488020400004,0.0,0.0,-0.0268780704807,0.0,0.0,0.0
639,4_123,4,123,0.0,0.0,-0.918722300355,0.39490420968900003,0.0,0.0,-0.0198967534727,0.0,0.0,0.0
640,4_124,4,124,0.0,0.0,-0.9191009578389999,0.394022117781,0.0,0.0,-0.0293215314335,0.0,0.0,0.0
641,4_125,4,125,0.0,0.0,-0.919307141339,0.39354082365500004,0.0,0.0,-0.0204203522483,0.0,0.0,0.0
642,4_126,4,126,0.0,0.0,-0.919375813168,0.393380368297,0.0,0.0,-0.017278759594700002,0.0,0.0,0.0
643,4_127,4,127,0.0,0.0,-0.919684489797,0.392658170968,0.0,0.0,-0.0303687289847,0.0,0.0,0.0
644,4_128,4,128,0.0,0.0,-0.919787255947,0.39241738467799997,0.0,0.0,-0.026529004630299998,0.0,0.0,0.0
645,5_0,5,0,0.0,0.0,-0.9199925991169999,0.391935731427,0.0,0.0,-0.010646508437200001,0.0,0.0,0.0
646,5_1,5,1,0.0,0.0,-0.920026798459,0.391855445435,0.0,0.0,-0.008028514559169999,0.0,0.0,0.0
647,5_2,5,2,0.0,0.0,-0.920265997657,0.391293359969,0.0,0.0,-0.036302848441499995,0.0,0.0,0.0
648,5_3,5,3,0.0,0.0,-0.9206071150759999,0.390490127495,0.0,0.0,-0.0298451302091,0.0,0.0,0.0
649,5_4,5,4,0.0,0.0,-0.920709313603,0.390249099737,0.0,0.0,-0.0226892802759,0.0,0.0,0.0
650,5_5,5,5,0.0,0.0,-0.920879504245,0.389847327376,0.0,0.0,-0.012042771838799999,0.0,0.0,0.0
651,5_6,5,6,0.0,0.0,-0.9209475314129999,0.389686597645,0.0,0.0,-0.0219911485751,0.0,0.0,0.0
652,5_7,5,7,0.0,0.0,-0.9212533064759999,0.38896316703100003,0.0,0.0,-0.0178023583703,0.0,0.0,0.0
653,5_8,5,8,0.0,0.0,-0.9214229359720001,0.388561157431,0.0,0.0,-0.0164060949687,0.0,0.0,0.0
654,5_9,5,9,0.0,0.0,-0.921524629468,0.388319916157,0.0,0.0,-0.004014257279590001,0.0,0.0,0.0
655,5_10,5,10,0.0,0.0,-0.921795503319,0.387676476022,0.0,0.0,-0.0324631240871,0.0,0.0,0.0
656,5_11,5,11,0.0,0.0,-0.9220659278990001,0.387032846937,0.0,0.0,-0.0125663706144,0.0,0.0,0.0
657,5_12,5,12,0.0,0.0,-0.922437027877,0.386147549004,0.0,0.0,-0.050090949532199995,0.0,0.0,0.0
658,5_13,5,13,0.0,0.0,-0.922773653903,0.385342423908,0.0,0.0,-0.0178023583703,0.0,0.0,0.0
659,5_14,5,14,0.0,0.0,-0.9229752922229999,0.384859207953,0.0,0.0,-0.014137166941200001,0.0,0.0,0.0
660,5_15,5,15,0.0,0.0,-0.923277275238,0.384134186228,0.0,0.0,-0.0256563400043,0.0,0.0,0.0
661,5_16,5,16,0.0,0.0,-0.9234447975010001,0.383731293965,0.0,0.0,-0.0268780704807,0.0,0.0,0.0
662,5_17,5,17,0.0,0.0,-0.923779314563,0.382925290344,0.0,0.0,-0.0202458193231,0.0,0.0,0.0
663,5_18,5,18,0.0,0.0,-0.923846133564,0.38276405460699997,0.0,0.0,-0.0188495559215,0.0,0.0,0.0
664,5_19,5,19,0.0,0.0,-0.923946309298,0.38252217914000003,0.0,0.0,-0.0115191730632,0.0,0.0,0.0
665,5_20,5,20,0.0,0.0,-0.9239796871379999,0.38244154815700004,0.0,0.0,-0.0101229096616,0.0,0.0,0.0
666,5_21,5,21,0.0,0.0,-0.9241131281270001,0.382118995109,0.0,0.0,-0.03473205211469999,0.0,0.0,0.0
667,5_22,5,22,0.0,0.0,-0.9243130784799999,0.381635078249,0.0,0.0,-0.0144862327916,0.0,0.0,0.0
668,5_23,5,23,0.0,0.0,-0.9244462379389999,0.38131240887400003,0.0,0.0,-0.029496064358700003,0.0,0.0,0.0
669,5_24,5,24,0.0,0.0,-0.924612528858,0.380909006823,0.0,0.0,-0.014660765716799999,0.0,0.0,0.0
670,5_25,5,25,0.0,0.0,-0.924678995938,0.380747625693,0.0,0.0,-0.020943951023900002,0.0,0.0,0.0
671,5_26,5,26,0.0,0.0,-0.9251434767010001,0.37961763330700005,0.0,0.0,-0.028274333882299996,0.0,0.0,0.0
672,5_27,5,27,0.0,0.0,-0.92524282866,0.379375418305,0.0,0.0,-0.0216420827247,0.0,0.0,0.0
673,5_28,5,28,0.0,0.0,-0.925408274331,0.37897166886,0.0,0.0,-0.0115191730632,0.0,0.0,0.0
674,5_29,5,29,0.0,0.0,-0.9256396022750001,0.378406298442,0.0,0.0,-0.0324631240871,0.0,0.0,0.0
675,5_30,5,30,0.0,0.0,-0.925969471566,0.37759838152099995,0.0,0.0,-0.0244346095279,0.0,0.0,0.0
676,5_31,5,31,0.0,0.0,-0.9260353608130001,0.37743676361,0.0,0.0,0.00733038285838,0.0,0.0,0.0
677,5_32,5,32,0.0,0.0,-0.926068294858,0.377355950342,0.0,0.0,-0.0237364778271,0.0,0.0,0.0
678,5_33,5,33,0.0,0.0,-0.926462953239,0.376385967161,0.0,0.0,-0.0291469985083,0.0,0.0,0.0
679,5_34,5,34,0.0,0.0,-0.926758280312,0.375658208847,0.0,0.0,-0.0240855436775,0.0,0.0,0.0
680,5_35,5,35,0.0,0.0,-0.926987583926,0.37509201437399997,0.0,0.0,-0.0303687289847,0.0,0.0,0.0
681,5_36,5,36,0.0,0.0,-0.927249221629,0.374444763601,0.0,0.0,-0.00855211333477,0.0,0.0,0.0
682,5_37,5,37,0.0,0.0,-0.927445153335,0.37395920573799996,0.0,0.0,-0.0162315620435,0.0,0.0,0.0
683,5_38,5,38,0.0,0.0,-0.927608235528,0.373554495863,0.0,0.0,-0.0181514242207,0.0,0.0,0.0
684,5_39,5,39,0.0,0.0,-0.9278687996899999,0.372906812168,0.0,0.0,-0.0204203522483,0.0,0.0,0.0
685,5_40,5,40,0.0,0.0,-0.9281613938079999,0.372177950778,0.0,0.0,-0.021816615649900003,0.0,0.0,0.0
686,5_41,5,41,0.0,0.0,-0.9282912518709999,0.371853938664,0.0,0.0,-0.0198967534727,0.0,0.0,0.0
687,5_42,5,42,0.0,0.0,-0.928680147341,0.370881630624,0.0,0.0,-0.0286233997327,0.0,0.0,0.0
688,5_43,5,43,0.0,0.0,-0.9287772120990001,0.37063849002300003,0.0,0.0,-0.0303687289847,0.0,0.0,0.0
689,5_44,5,44,0.0,0.0,-0.9289388452299999,0.370233199244,0.0,0.0,-0.005759586531579999,0.0,0.0,0.0
690,5_45,5,45,0.0,0.0,-0.9289388452299999,0.370233199244,0.0,0.0,0.00244346095279,0.0,0.0,0.0
691,5_46,5,46,0.0,0.0,-0.929229339167,0.369503498267,0.0,0.0,-0.0404916386463,0.0,0.0,0.0
692,5_47,5,47,0.0,0.0,-0.929390477022,0.369098010319,0.0,0.0,-0.0380481776935,0.0,0.0,0.0
693,5_48,5,48,0.0,0.0,-0.929680079244,0.368367954981,0.0,0.0,-0.0225147473507,0.0,0.0,0.0
694,5_49,5,49,0.0,0.0,-0.929712221872,0.368286823687,0.0,0.0,0.00837758040957,0.0,0.0,0.0
695,5_50,5,50,0.0,0.0,-0.929712221872,0.368286823687,0.0,0.0,-0.00244346095279,0.0,0.0,0.0
696,5_51,5,51,0.0,0.0,-0.930129431657,0.36723186185999995,0.0,0.0,-0.0310668606855,0.0,0.0,0.0
697,5_52,5,52,0.0,0.0,-0.930225540858,0.366988341962,0.0,0.0,-0.026354471705099997,0.0,0.0,0.0
698,5_53,5,53,0.0,0.0,-0.930385581174,0.366582419579,0.0,0.0,0.000349065850399,0.0,0.0,0.0
699,5_54,5,54,0.0,0.0,-0.9305134858930001,0.366257631418,0.0,0.0,-0.0207694180987,0.0,0.0,0.0
700,5_55,5,55,0.0,0.0,-0.9306732073489999,0.365851583464,0.0,0.0,-0.010471975512,0.0,0.0,0.0
701,5_56,5,56,0.0,0.0,-0.930864639207,0.36536423398400003,0.0,0.0,-0.010646508437200001,0.0,0.0,0.0
702,5_57,5,57,0.0,0.0,-0.9309921186700001,0.365039278674,0.0,0.0,-0.026005405854700004,0.0,0.0,0.0
703,5_58,5,58,0.0,0.0,-0.931373876365,0.364064146031,0.0,0.0,-0.0488692190558,0.0,0.0,0.0
704,5_59,5,59,0.0,0.0,-0.931596096708,0.36349513421499996,0.0,0.0,-0.014660765716799999,0.0,0.0,0.0
705,5_60,5,60,0.0,0.0,-0.931754612695,0.363088614146,0.0,0.0,-0.005759586531579999,0.0,0.0,0.0
706,5_61,5,61,0.0,0.0,-0.932007869283,0.362438038284,0.0,0.0,-0.0404916386463,0.0,0.0,0.0
707,5_62,5,62,0.0,0.0,-0.932165923985,0.362031338646,0.0,0.0,0.0020943951023900003,0.0,0.0,0.0
708,5_63,5,63,0.0,0.0,-0.9322922399690001,0.361705929305,0.0,0.0,-0.0115191730632,0.0,0.0,0.0
709,5_64,5,64,0.0,0.0,-0.932481500945,0.36121773266999996,0.0,0.0,-0.027925268031900003,0.0,0.0,0.0
710,5_65,5,65,0.0,0.0,-0.932639023143,0.360810826488,0.0,0.0,-0.0012217304764,0.0,0.0,0.0
711,5_66,5,66,0.0,0.0,-0.932639023143,0.360810826488,0.0,0.0,0.000698131700798,0.0,0.0,0.0
712,5_67,5,67,0.0,0.0,-0.932733451234,0.36056664979999997,0.0,0.0,-0.0207694180987,0.0,0.0,0.0
713,5_68,5,68,0.0,0.0,-0.93279636778,0.360403851612,0.0,0.0,-0.0237364778271,0.0,0.0,0.0
714,5_69,5,69,0.0,0.0,-0.933079140576,0.359671123975,0.0,0.0,-0.0165806278939,0.0,0.0,0.0
715,5_70,5,70,0.0,0.0,-0.93311052425,0.35958969608999997,0.0,0.0,-0.00523598775598,0.0,0.0,0.0
716,5_71,5,71,0.0,0.0,-0.93311052425,0.35958969608999997,0.0,0.0,-0.013089969390000001,0.0,0.0,0.0
717,5_72,5,72,0.0,0.0,-0.9333300109839999,0.359019624251,0.0,0.0,-0.0165806278939,0.0,0.0,0.0
718,5_73,5,73,0.0,0.0,-0.933392657513,0.35885672196699997,0.0,0.0,-0.0193731546971,0.0,0.0,0.0
719,5_74,5,74,0.0,0.0,-0.933549149439,0.358449418442,0.0,0.0,0.0010471975512,0.0,0.0,0.0
720,5_75,5,75,0.0,0.0,-0.933580426497,0.35836794954499995,0.0,0.0,-0.0230383461263,0.0,0.0,0.0
721,5_76,5,76,0.0,0.0,-0.9363049394149999,0.35118806988000006,0.0,0.0,-0.38467056714000003,0.0,0.0,0.0
722,5_77,5,77,0.0,0.0,-0.9396329126980001,0.342184145417,0.0,0.0,-0.25429447201600003,0.0,0.0,0.0
723,5_78,5,78,0.0,0.0,-0.9419109947550001,0.33586258791199997,0.0,0.0,-0.237015712421,0.0,0.0,0.0
724,5_79,5,79,0.0,0.0,-0.9448917874680001,0.327382818692,0.0,0.0,-0.28867745828,0.0,0.0,0.0
725,5_80,5,80,0.0,0.0,-0.947935286788,0.318463015219,0.0,0.0,-0.508938009882,0.0,0.0,0.0
726,5_81,5,81,0.0,0.0,-0.9543185845100001,0.298790962477,0.0,0.0,-0.61662482473,0.0,0.0,0.0
727,5_82,5,82,0.0,0.0,-0.958844516232,0.283931670816,0.0,0.0,-0.5066690818540001,0.0,0.0,0.0
728,5_83,5,83,0.0,0.0,-0.963373478846,0.26816327164000003,0.0,0.0,-0.513126800086,0.0,0.0,0.0
729,5_84,5,84,0.0,0.0,-0.9680382993340001,0.250802414306,0.0,0.0,-0.548731516827,0.0,0.0,0.0
730,5_85,5,85,0.0,0.0,-0.9718171790979999,0.23573580638099997,0.0,0.0,-0.561821486217,0.0,0.0,0.0
731,5_86,5,86,0.0,0.0,-0.975935794812,0.218058075762,0.0,0.0,-0.565486677646,0.0,0.0,0.0
732,5_87,5,87,0.0,0.0,-0.97913423476,0.203214542593,0.0,0.0,-0.568802803225,0.0,0.0,0.0
733,5_88,5,88,0.0,0.0,-0.982726030484,0.185066336782,0.0,0.0,-0.577005850709,0.0,0.0,0.0
734,5_89,5,89,0.0,0.0,-0.9854375906370001,0.170037510451,0.0,0.0,-0.5185373207680001,0.0,0.0,0.0
735,5_90,5,90,0.0,0.0,-0.9882683991779999,0.152727113459,0.0,0.0,-0.562170552067,0.0,0.0,0.0
736,5_91,5,91,0.0,0.0,-0.989054525882,0.14755048232,0.0,0.0,-0.5684537373749999,0.0,0.0,0.0
737,5_92,5,92,0.0,0.0,-0.9913076310700001,0.13156435909199998,0.0,0.0,-0.571769862953,0.0,0.0,0.0
738,5_93,5,93,0.0,0.0,-0.993591598232,0.113029801042,0.0,0.0,-0.55990162404,0.0,0.0,0.0
739,5_94,5,94,0.0,0.0,-0.994150963972,0.10799935570599999,0.0,0.0,-0.548906049752,0.0,0.0,0.0
740,5_95,5,95,0.0,0.0,-0.995724698185,0.09237058744660001,0.0,0.0,-0.570548132477,0.0,0.0,0.0
741,5_96,5,96,0.0,0.0,-0.9973080821889999,0.0733252289552,0.0,0.0,-0.589397688398,0.0,0.0,0.0
742,5_97,5,97,0.0,0.0,-0.9983668386229999,0.057128412699699996,0.0,0.0,-0.581369173839,0.0,0.0,0.0
743,5_98,5,98,0.0,0.0,-0.998776110362,0.0494598965924,0.0,0.0,-0.539481271791,0.0,0.0,0.0
744,5_99,5,99,0.0,0.0,-0.999225606371,0.0393470147928,0.0,0.0,-0.563566815469,0.0,0.0,0.0
745,5_100,5,100,0.0,0.0,-0.999712055165,0.023995973777400002,0.0,0.0,-0.53808500839,0.0,0.0,0.0
746,5_101,5,101,0.0,0.0,-0.999984403629,0.00558502457083,0.0,0.0,-0.573864258056,0.0,0.0,0.0
747,5_102,5,102,0.0,0.0,0.9999356502600001,0.011344396795399999,0.0,0.0,-0.6044075199660001,0.0,0.0,0.0
748,5_103,5,103,0.0,0.0,0.999528245637,0.0307129642653,0.0,0.0,-0.6051056516659999,0.0,0.0,0.0
749,5_104,5,104,0.0,0.0,0.998934633679,0.046147563708300005,0.0,0.0,-0.5597270911150001,0.0,0.0,0.0
750,5_105,5,105,0.0,0.0,0.9979492705159999,0.064009792035,0.0,0.0,-0.540877535193,0.0,0.0,0.0
751,5_106,5,106,0.0,0.0,0.996834624954,0.07950302190769999,0.0,0.0,-0.577878515335,0.0,0.0,0.0
752,5_107,5,107,0.0,0.0,0.9961412718129999,0.08776426716,0.0,0.0,-0.59114301765,0.0,0.0,0.0
753,5_108,5,108,0.0,0.0,0.9946488587219999,0.10331334785,0.0,0.0,-0.571420797103,0.0,0.0,0.0
754,5_109,5,109,0.0,0.0,0.9925674067370001,0.12169610956700001,0.0,0.0,-0.570897198327,0.0,0.0,0.0
755,5_110,5,110,0.0,0.0,0.99191660444,0.126891488428,0.0,0.0,-0.5674065398229999,0.0,0.0,0.0
756,5_111,5,111,0.0,0.0,0.9897637804170001,0.142715307433,0.0,0.0,-0.588175957922,0.0,0.0,0.0
757,5_112,5,112,0.0,0.0,0.986869815243,0.161517701081,0.0,0.0,-0.597251670032,0.0,0.0,0.0
758,5_113,5,113,0.0,0.0,0.98592317662,0.167198952759,0.0,0.0,-0.624827872214,0.0,0.0,0.0
759,5_114,5,114,0.0,0.0,0.9824015321799999,0.18678123452599998,0.0,0.0,-0.607200046769,0.0,0.0,0.0
760,5_115,5,115,0.0,0.0,0.979240503423,0.20270184127399998,0.0,0.0,-0.540353936417,0.0,0.0,0.0
761,5_116,5,116,0.0,0.0,0.978220116011,0.207570240234,0.0,0.0,-0.5361651462129999,0.0,0.0,0.0
762,5_117,5,117,0.0,0.0,0.9742127818880001,0.2256312381,0.0,0.0,-0.5665338751969999,0.0,0.0,0.0
763,5_118,5,118,0.0,0.0,0.972997892002,0.230813999056,0.0,0.0,-0.575260521457,0.0,0.0,0.0
764,5_119,5,119,0.0,0.0,0.96918793309,0.246322451985,0.0,0.0,-0.570897198327,0.0,0.0,0.0
765,5_120,5,120,0.0,0.0,0.964372965275,0.264546373717,0.0,0.0,-0.576133186083,0.0,0.0,0.0
766,5_121,5,121,0.0,0.0,0.9600742704180001,0.279745232811,0.0,0.0,-0.551698576555,0.0,0.0,0.0
767,5_122,5,122,0.0,0.0,0.954760799503,0.297374874078,0.0,0.0,-0.573515192205,0.0,0.0,0.0
768,5_123,5,123,0.0,0.0,0.950081019101,0.312003296688,0.0,0.0,-0.48136180770000003,0.0,0.0,0.0
769,5_124,5,124,0.0,0.0,0.9474897046549999,0.31978627170699997,0.0,0.0,-0.24102996969999999,0.0,0.0,0.0
770,5_125,5,125,0.0,0.0,0.94534797891,0.326063182175,0.0,0.0,-0.242251700177,0.0,0.0,0.0
771,5_126,5,126,0.0,0.0,0.9418523613299998,0.33602697727700004,0.0,0.0,-0.319918851891,0.0,0.0,0.0
772,5_127,5,127,0.0,0.0,0.9388841471320001,0.34423329046499995,0.0,0.0,-0.31747539093800003,0.0,0.0,0.0
773,5_128,5,128,0.0,0.0,0.9351661238510001,0.35420943070699995,0.0,0.0,-0.332136156655,0.0,0.0,0.0
774,6_0,6,0,0.0,0.0,0.932071112458,0.36227536670500005,0.0,0.0,-0.28902652413,0.0,0.0,0.0
775,6_1,6,1,0.0,0.0,0.9292938155399999,0.36934131152500005,0.0,0.0,-0.11833332328500001,0.0,0.0,0.0
776,6_2,6,2,0.0,0.0,0.9292615808920001,0.369422406303,0.0,0.0,0.027227136331099997,0.0,0.0,0.0
777,6_3,6,3,0.0,0.0,0.9291325715340001,0.36974675727399997,0.0,0.0,-0.0539306738866,0.0,0.0,0.0
778,6_4,6,4,0.0,0.0,0.9290680244,0.369908915867,0.0,0.0,-0.014137166941200001,0.0,0.0,0.0
779,6_5,6,5,0.0,0.0,0.928680147341,0.370881630624,0.0,0.0,-0.0528834763354,0.0,0.0,0.0
780,6_6,6,6,0.0,0.0,0.928420996825,0.371529881241,0.0,0.0,-0.0193731546971,0.0,0.0,0.0
781,6_7,6,7,0.0,0.0,0.928356138488,0.371691915613,0.0,0.0,-0.0132645023152,0.0,0.0,0.0
782,6_8,6,8,0.0,0.0,0.927998912192,0.372582902144,0.0,0.0,-0.027052603405900003,0.0,0.0,0.0
783,6_9,6,9,0.0,0.0,0.927771141119,0.37314971487,0.0,0.0,-0.0191986217719,0.0,0.0,0.0
784,6_10,6,10,0.0,0.0,0.9275756332170001,0.37363544353,0.0,0.0,-0.023561944901900004,0.0,0.0,0.0
785,6_11,6,11,0.0,0.0,0.927249221629,0.374444763601,0.0,0.0,-0.0322885911619,0.0,0.0,0.0
786,6_12,6,12,0.0,0.0,0.9268893533,0.375334686299,0.0,0.0,-0.0226892802759,0.0,0.0,0.0
787,6_13,6,13,0.0,0.0,0.926659901464,0.375900820721,0.0,0.0,-0.0267035375555,0.0,0.0,0.0
788,6_14,6,14,0.0,0.0,0.9261341417910001,0.37719431518700003,0.0,0.0,-0.0354301838155,0.0,0.0,0.0
789,6_15,6,15,0.0,0.0,0.925969471566,0.37759838152099995,0.0,0.0,-0.00977384381117,0.0,0.0,0.0
790,6_16,6,16,0.0,0.0,0.925771634595,0.37808316622,0.0,0.0,-0.0267035375555,0.0,0.0,0.0
791,6_17,6,17,0.0,0.0,0.9253751992910001,0.379052424524,0.0,0.0,-0.0338593874887,0.0,0.0,0.0
792,6_18,6,18,0.0,0.0,0.925010908789,0.37994054616800005,0.0,0.0,-0.0274016692563,0.0,0.0,0.0
793,6_19,6,19,0.0,0.0,0.9249114088879999,0.380182700434,0.0,0.0,-0.0219911485751,0.0,0.0,0.0
794,6_20,6,20,0.0,0.0,0.924645765919,0.380828317708,0.0,0.0,-0.0403171057211,0.0,0.0,0.0
795,6_21,6,21,0.0,0.0,0.9240464217059999,0.382280277456,0.0,0.0,-0.030892327760299997,0.0,0.0,0.0
796,6_22,6,22,0.0,0.0,0.923946309298,0.38252217914000003,0.0,0.0,-0.0298451302091,0.0,0.0,0.0
797,6_23,6,23,0.0,0.0,0.923779314563,0.382925290344,0.0,0.0,-0.010471975512,0.0,0.0,0.0
798,6_24,6,24,0.0,0.0,0.923545226472,0.383489523534,0.0,0.0,-0.0331612557879,0.0,0.0,0.0
799,6_25,6,25,0.0,0.0,0.923377809692,0.38389245964100005,0.0,0.0,-0.049043751981,0.0,0.0,0.0
800,6_26,6,26,0.0,0.0,0.923042448768,0.384698112514,0.0,0.0,-0.00872664625997,0.0,0.0,0.0
801,6_27,6,27,0.0,0.0,0.922908107562,0.385020291668,0.0,0.0,-0.00244346095279,0.0,0.0,0.0
802,6_28,6,28,0.0,0.0,0.922470722095,0.38606704971699995,0.0,0.0,-0.063879050623,0.0,0.0,0.0
803,6_29,6,29,0.0,0.0,0.9221334638299998,0.38687191017899997,0.0,0.0,-0.0038397243543899996,0.0,0.0,0.0
804,6_30,6,30,0.0,0.0,0.9218293309639999,0.387596032713,0.0,0.0,-0.0310668606855,0.0,0.0,0.0
805,6_31,6,31,0.0,0.0,0.9217278269700001,0.387837353782,0.0,0.0,-0.0244346095279,0.0,0.0,0.0
806,6_32,6,32,0.0,0.0,0.9214229359720001,0.388561157431,0.0,0.0,-0.0322885911619,0.0,0.0,0.0
807,6_33,6,33,0.0,0.0,0.9213890241060001,0.388641565272,0.0,0.0,-0.0038397243543899996,0.0,0.0,0.0
808,6_34,6,34,0.0,0.0,0.921049519564,0.38944548079400004,0.0,0.0,-0.0331612557879,0.0,0.0,0.0
809,6_35,6,35,0.0,0.0,0.9206071150759999,0.390490127495,0.0,0.0,-0.0342084533391,0.0,0.0,0.0
810,6_36,6,36,0.0,0.0,0.920300140941,0.39121305012100005,0.0,0.0,-0.0102974425868,0.0,0.0,0.0
811,6_37,6,37,0.0,0.0,0.920265997657,0.391293359969,0.0,0.0,-0.0160570291183,0.0,0.0,0.0
812,6_38,6,38,0.0,0.0,0.9199241794159999,0.392096294456,0.0,0.0,-0.0300196631343,0.0,0.0,0.0
813,6_39,6,39,0.0,0.0,0.919513072807,0.393059421637,0.0,0.0,-0.0312413936107,0.0,0.0,0.0
814,6_40,6,40,0.0,0.0,0.919410138581,0.39330013612400005,0.0,0.0,-0.0186750229963,0.0,0.0,0.0
815,6_41,6,41,0.0,0.0,0.9192727949230001,0.393621046838,0.0,0.0,-0.021118483949099997,0.0,0.0,0.0
816,6_42,6,42,0.0,0.0,0.91882565455,0.394663675223,0.0,0.0,-0.052534410484999995,0.0,0.0,0.0
817,6_43,6,43,0.0,0.0,0.9186533625759999,0.395064550964,0.0,0.0,-0.0504400153826,0.0,0.0,0.0
818,6_44,6,44,0.0,0.0,0.9182737046349999,0.39594621273100006,0.0,0.0,-0.0181514242207,0.0,0.0,0.0
819,6_45,6,45,0.0,0.0,0.918031663543,0.396507080307,0.0,0.0,-0.0158824961931,0.0,0.0,0.0
820,6_46,6,46,0.0,0.0,0.9179970582770001,0.39658719217200006,0.0,0.0,-0.009250245035569999,0.0,0.0,0.0
821,6_47,6,47,0.0,0.0,0.9174771405230001,0.397788507398,0.0,0.0,-0.05654866776459999,0.0,0.0,0.0
822,6_48,6,48,0.0,0.0,0.917199208195,0.39842893028399995,0.0,0.0,-0.022340214425499997,0.0,0.0,0.0
823,6_49,6,49,0.0,0.0,0.9169904655760001,0.398909120029,0.0,0.0,-0.008901179185170001,0.0,0.0,0.0
824,6_50,6,50,0.0,0.0,0.9166768802959999,0.399629199548,0.0,0.0,-0.0373500459927,0.0,0.0,0.0
825,6_51,6,51,0.0,0.0,0.916432589693,0.400189090992,0.0,0.0,-0.014660765716799999,0.0,0.0,0.0
826,6_52,6,52,0.0,0.0,0.916083009922,0.400988676813,0.0,0.0,-0.0312413936107,0.0,0.0,0.0
827,6_53,6,53,0.0,0.0,0.9157677916410001,0.40170804297799995,0.0,0.0,-0.030892327760299997,0.0,0.0,0.0
828,6_54,6,54,0.0,0.0,0.9155924262720001,0.402107583804,0.0,0.0,-0.0050614548307799994,0.0,0.0,0.0
829,6_55,6,55,0.0,0.0,0.9152411726209999,0.40290643571400003,0.0,0.0,-0.028972465583099998,0.0,0.0,0.0
830,6_56,6,56,0.0,0.0,0.915170838243,0.403066169295,0.0,0.0,-0.0167551608191,0.0,0.0,0.0
831,6_57,6,57,0.0,0.0,0.914924448395,0.40362514010899997,0.0,0.0,-0.0394444410951,0.0,0.0,0.0
832,6_58,6,58,0.0,0.0,0.9145718706810001,0.404423408521,0.0,0.0,-0.013089969390000001,0.0,0.0,0.0
833,6_59,6,59,0.0,0.0,0.9145365745980001,0.404503218432,0.0,0.0,-0.014311699866400001,0.0,0.0,0.0
834,6_60,6,60,0.0,0.0,0.914289307026,0.405061801529,0.0,0.0,-0.010471975512,0.0,0.0,0.0
835,6_61,6,61,0.0,0.0,0.9142185964799999,0.40522136894599997,0.0,0.0,-0.023561944901900004,0.0,0.0,0.0
836,6_62,6,62,0.0,0.0,0.913900054426,0.405939269498,0.0,0.0,-0.0179768912955,0.0,0.0,0.0
837,6_63,6,63,0.0,0.0,0.9136164326639999,0.406577193121,0.0,0.0,-0.0261799387799,0.0,0.0,0.0
838,6_64,6,64,0.0,0.0,0.913509959696,0.406816363407,0.0,0.0,-0.0254818070791,0.0,0.0,0.0
839,6_65,6,65,0.0,0.0,0.913225725703,0.407454014479,0.0,0.0,-0.026005405854700004,0.0,0.0,0.0
840,6_66,6,66,0.0,0.0,0.912798540202,0.408410118636,0.0,0.0,-0.029670597283900004,0.0,0.0,0.0
841,6_67,6,67,0.0,0.0,0.912691587404,0.408649074736,0.0,0.0,-0.0253072741539,0.0,0.0,0.0
842,6_68,6,68,0.0,0.0,0.912370353707,0.40936577492200005,0.0,0.0,-0.0197222205475,0.0,0.0,0.0
843,6_69,6,69,0.0,0.0,0.9121558852320001,0.409843434785,0.0,0.0,-0.0256563400043,0.0,0.0,0.0
844,6_70,6,70,0.0,0.0,0.911726198124,0.410798417298,0.0,0.0,-0.0277507351067,0.0,0.0,0.0
845,6_71,6,71,0.0,0.0,0.911618620107,0.411037092578,0.0,0.0,-0.00244346095279,0.0,0.0,0.0
846,6_72,6,72,0.0,0.0,0.9115109796080001,0.41127573968599995,0.0,0.0,-0.0181514242207,0.0,0.0,0.0
847,6_73,6,73,0.0,0.0,0.9112595755030001,0.411832473288,0.0,0.0,-0.029496064358700003,0.0,0.0,0.0
848,6_74,6,74,0.0,0.0,0.910863824921,0.41270702980400004,0.0,0.0,-0.0219911485751,0.0,0.0,0.0
849,6_75,6,75,0.0,0.0,0.910647607176,0.413183900393,0.0,0.0,-0.011344640138,0.0,0.0,0.0
850,6_76,6,76,0.0,0.0,0.910467235008,0.413581206025,0.0,0.0,-0.0226892802759,0.0,0.0,0.0
851,6_77,6,77,0.0,0.0,0.910178279005,0.414216731225,0.0,0.0,-0.0178023583703,0.0,0.0,0.0
852,6_78,6,78,0.0,0.0,0.910069806128,0.41445500114399997,0.0,0.0,-0.00837758040957,0.0,0.0,0.0
853,6_79,6,79,0.0,0.0,0.909961270877,0.41469324265600005,0.0,0.0,-0.029670597283900004,0.0,0.0,0.0
854,6_80,6,80,0.0,0.0,0.9096352909440001,0.415407796592,0.0,0.0,-0.0261799387799,0.0,0.0,0.0
855,6_81,6,81,0.0,0.0,0.909345059943,0.416042740541,0.0,0.0,-0.0125663706144,0.0,0.0,0.0
856,6_82,6,82,0.0,0.0,0.909308749903,0.416122094283,0.0,0.0,-0.012042771838799999,0.0,0.0,0.0
857,6_83,6,83,0.0,0.0,0.908945268678,0.416915457315,0.0,0.0,-0.03403392041390001,0.0,0.0,0.0
858,6_84,6,84,0.0,0.0,0.908836089319,0.41715340434,0.0,0.0,-0.0286233997327,0.0,0.0,0.0
859,6_85,6,85,0.0,0.0,0.908508177527,0.41786707380099997,0.0,0.0,-0.0303687289847,0.0,0.0,0.0
860,6_86,6,86,0.0,0.0,0.908435232127,0.418025632026,0.0,0.0,-0.0164060949687,0.0,0.0,0.0
861,6_87,6,87,0.0,0.0,0.908289258312,0.418342710268,0.0,0.0,-0.0383972435439,0.0,0.0,0.0
862,6_88,6,88,0.0,0.0,0.908106635413,0.418738986386,0.0,0.0,-0.0466002910282,0.0,0.0,0.0
863,6_89,6,89,0.0,0.0,0.907704256508,0.419610513116,0.0,0.0,-0.024609142453099996,0.0,0.0,0.0
864,6_90,6,90,0.0,0.0,0.90744776169,0.420164919768,0.0,0.0,-0.00680678408278,0.0,0.0,0.0
865,6_91,6,91,0.0,0.0,0.907227639472,0.420640000688,0.0,0.0,-0.0354301838155,0.0,0.0,0.0
866,6_92,6,92,0.0,0.0,0.9069337562909999,0.421273262504,0.0,0.0,-0.0287979326579,0.0,0.0,0.0
867,6_93,6,93,0.0,0.0,0.9068234361299999,0.421510682766,0.0,0.0,0.0197222205475,0.0,0.0,0.0
868,6_94,6,94,0.0,0.0,0.9067866489299999,0.421589816435,0.0,0.0,-0.0191986217719,0.0,0.0,0.0
869,6_95,6,95,0.0,0.0,0.90649210276,0.42222277015,0.0,0.0,-0.029496064358700003,0.0,0.0,0.0
870,6_96,6,96,0.0,0.0,0.906123298765,0.423013672871,0.0,0.0,-0.0216420827247,0.0,0.0,0.0
871,6_97,6,97,0.0,0.0,0.90593863798,0.42340900346500004,0.0,0.0,0.004363323129989999,0.0,0.0,0.0
872,6_98,6,98,0.0,0.0,0.905642821984,0.424041364714,0.0,0.0,-0.036128315516300004,0.0,0.0,0.0
873,6_99,6,99,0.0,0.0,0.905420670312,0.424515500038,0.0,0.0,-0.00820304748437,0.0,0.0,0.0
874,6_100,6,100,0.0,0.0,0.905383620898,0.424594511281,0.0,0.0,-0.0132645023152,0.0,0.0,0.0
875,6_101,6,101,0.0,0.0,0.9051611796340001,0.42506851081200003,0.0,0.0,-0.0274016692563,0.0,0.0,0.0
876,6_102,6,102,0.0,0.0,0.9050498659399999,0.42530546688500004,0.0,0.0,-0.026354471705099997,0.0,0.0,0.0
877,6_103,6,103,0.0,0.0,0.904827052466,0.425779291565,0.0,0.0,-0.0125663706144,0.0,0.0,0.0
878,6_104,6,104,0.0,0.0,0.904566789893,0.42633193948299997,0.0,0.0,-0.0342084533391,0.0,0.0,0.0
879,6_105,6,105,0.0,0.0,0.904455145454,0.42656873990099997,0.0,0.0,-0.0261799387799,0.0,0.0,0.0
880,6_106,6,106,0.0,0.0,0.904119840227,0.42727896567400003,0.0,0.0,-0.0191986217719,0.0,0.0,0.0
881,6_107,6,107,0.0,0.0,0.9040079478730001,0.42751564904899997,0.0,0.0,-0.0158824961931,0.0,0.0,0.0
882,6_108,6,108,0.0,0.0,0.903933318548,0.42767342168899997,0.0,0.0,-0.0178023583703,0.0,0.0,0.0
883,6_109,6,109,0.0,0.0,0.903634525916,0.428304381921,0.0,0.0,-0.0230383461263,0.0,0.0,0.0
884,6_110,6,110,0.0,0.0,0.9035223651250001,0.42854093820600003,0.0,0.0,-0.0342084533391,0.0,0.0,0.0
885,6_111,6,111,0.0,0.0,0.903260415802,0.42909278861999994,0.0,0.0,-0.009599310885969999,0.0,0.0,0.0
886,6_112,6,112,0.0,0.0,0.903148048619,0.42932924693700003,0.0,0.0,-0.0190240888467,0.0,0.0,0.0
887,6_113,6,113,0.0,0.0,0.90273550608,0.430196008887,0.0,0.0,-0.0342084533391,0.0,0.0,0.0
888,6_114,6,114,0.0,0.0,0.9025101322419999,0.4306686211,0.0,0.0,0.00296705972839,0.0,0.0,0.0
889,6_115,6,115,0.0,0.0,0.9025852843500001,0.430511096808,0.0,0.0,-0.00157079632679,0.0,0.0,0.0
890,6_116,6,116,0.0,0.0,0.902284510975,0.431141115244,0.0,0.0,-0.0226892802759,0.0,0.0,0.0
891,6_117,6,117,0.0,0.0,0.9019079258589999,0.431928342753,0.0,0.0,-0.0343829862643,0.0,0.0,0.0
892,6_118,6,118,0.0,0.0,0.901681645086,0.432400521409,0.0,0.0,-0.0178023583703,0.0,0.0,0.0
893,6_119,6,119,0.0,0.0,0.901492888939,0.432793913073,0.0,0.0,-0.0033161255787899995,0.0,0.0,0.0
894,6_120,6,120,0.0,0.0,0.901455117112,0.43287258151999997,0.0,0.0,-0.00872664625997,0.0,0.0,0.0
895,6_121,6,121,0.0,0.0,0.901266155011,0.43326587429799995,0.0,0.0,-0.022863813201099998,0.0,0.0,0.0
896,6_122,6,122,0.0,0.0,0.9010770213220001,0.433659084588,0.0,0.0,-0.011344640138,0.0,0.0,0.0
897,6_123,6,123,0.0,0.0,0.900963458761,0.433894971136,0.0,0.0,-0.0240855436775,0.0,0.0,0.0
898,6_124,6,124,0.0,0.0,0.900736148394,0.434366655001,0.0,0.0,-0.0202458193231,0.0,0.0,0.0
899,6_125,6,125,0.0,0.0,0.900546534449,0.434759633927,0.0,0.0,-0.00610865238198,0.0,0.0,0.0
900,6_126,6,126,0.0,0.0,0.900470640862,0.434916802325,0.0,0.0,-0.0167551608191,0.0,0.0,0.0
901,6_127,6,127,0.0,0.0,0.9002807868960001,0.435309665349,0.0,0.0,-0.0207694180987,0.0,0.0,0.0
902,6_128,6,128,0.0,0.0,0.9001667922409999,0.435545343388,0.0,0.0,-0.0249582083035,0.0,0.0,0.0
903,7_0,7,0,0.0,0.0,0.900014703397,0.435859534333,0.0,0.0,-0.012391837689200002,0.0,0.0,0.0
904,7_1,7,1,0.0,0.0,0.89997666405,0.43593807377300003,0.0,0.0,-0.010821041362399999,0.0,0.0,0.0
905,7_2,7,2,0.0,0.0,0.8997101967360001,0.436487756861,0.0,0.0,-0.0317649923863,0.0,0.0,0.0
906,7_3,7,3,0.0,0.0,0.899557778955,0.436801788368,0.0,0.0,-0.0314159265359,0.0,0.0,0.0
907,7_4,7,4,0.0,0.0,0.899367102595,0.437194252901,0.0,0.0,-0.00366519142919,0.0,0.0,0.0
908,7_5,7,5,0.0,0.0,0.899252614588,0.437429691673,0.0,0.0,-0.0116937059884,0.0,0.0,0.0
909,7_6,7,6,0.0,0.0,0.898870542808,0.438214270959,0.0,0.0,-0.022863813201099998,0.0,0.0,0.0
910,7_7,7,7,0.0,0.0,0.8986026852500001,0.438763277932,0.0,0.0,-0.013788101090799998,0.0,0.0,0.0
911,7_8,7,8,0.0,0.0,0.8985260929250001,0.438920107004,0.0,0.0,-0.004014257279590001,0.0,0.0,0.0
912,7_9,7,9,0.0,0.0,0.8982961517370001,0.439390513978,0.0,0.0,-0.03403392041390001,0.0,0.0,0.0
913,7_10,7,10,0.0,0.0,0.898104345953,0.43978242777599996,0.0,0.0,-0.00942477796077,0.0,0.0,0.0
914,7_11,7,11,0.0,0.0,0.897835530605,0.44033096641400005,0.0,0.0,-0.00750491578358,0.0,0.0,0.0
915,7_12,7,12,0.0,0.0,0.897527902827,0.44095766650300006,0.0,0.0,-0.0249582083035,0.0,0.0,0.0
916,7_13,7,13,0.0,0.0,0.897527902827,0.44095766650300006,0.0,0.0,0.00523598775598,0.0,0.0,0.0
917,7_14,7,14,0.0,0.0,0.897527902827,0.44095766650300006,0.0,0.0,0.0207694180987,0.0,0.0,0.0
918,7_15,7,15,0.0,0.0,0.8976048507879999,0.440801011617,0.0,0.0,0.00471238898038,0.0,0.0,0.0
919,7_16,7,16,0.0,0.0,0.897258369674,0.44150585279200005,0.0,0.0,-0.052534410484999995,0.0,0.0,0.0
920,7_17,7,17,0.0,0.0,0.8970270747669999,0.441975595633,0.0,0.0,0.0050614548307799994,0.0,0.0,0.0
921,7_18,7,18,0.0,0.0,0.897104200397,0.441819028143,0.0,0.0,0.022340214425499997,0.0,0.0,0.0
922,7_19,7,19,0.0,0.0,0.897065640998,0.44189731357100004,0.0,0.0,-0.0185004900711,0.0,0.0,0.0
923,7_20,7,20,0.0,0.0,0.89675691989,0.44252347579400003,0.0,0.0,-0.0404916386463,0.0,0.0,0.0
924,7_21,7,21,0.0,0.0,0.896641036785,0.442758231039,0.0,0.0,-0.0232128790515,0.0,0.0,0.0
925,7_22,7,22,0.0,0.0,0.896447761714,0.443149422337,0.0,0.0,-0.0185004900711,0.0,0.0,0.0
926,7_23,7,23,0.0,0.0,0.896447761714,0.443149422337,0.0,0.0,-0.00558505360638,0.0,0.0,0.0
927,7_24,7,24,0.0,0.0,0.8964090862190001,0.443227650474,0.0,0.0,-0.0125663706144,0.0,0.0,0.0
928,7_25,7,25,0.0,0.0,0.8962930187729999,0.44346231463200003,0.0,0.0,-0.0188495559215,0.0,0.0,0.0
929,7_26,7,26,0.0,0.0,0.896138166621,0.443775152893,0.0,0.0,-0.013962634016,0.0,0.0,0.0
930,7_27,7,27,0.0,0.0,0.8960606995970001,0.443931551749,0.0,0.0,-0.0321140582367,0.0,0.0,0.0
931,7_28,7,28,0.0,0.0,0.895711760239,0.444635179185,0.0,0.0,0.0207694180987,0.0,0.0,0.0
932,7_29,7,29,0.0,0.0,0.8957893500749999,0.44447884122000003,0.0,0.0,0.0165806278939,0.0,0.0,0.0
933,7_30,7,30,0.0,0.0,0.89567295509,0.444713343089,0.0,0.0,-0.007679448708779999,0.0,0.0,0.0
934,7_31,7,31,0.0,0.0,0.895401128071,0.445260395554,0.0,0.0,-0.0178023583703,0.0,0.0,0.0
935,7_32,7,32,0.0,0.0,0.895439980961,0.44518225536899997,0.0,0.0,0.0,0.0,0.0,0.0
936,7_33,7,33,0.0,0.0,0.895323401835,0.445416665749,0.0,0.0,0.017278759594700002,0.0,0.0,0.0
937,7_34,7,34,0.0,0.0,0.8952845284890001,0.44549479575900003,0.0,0.0,-0.00837758040957,0.0,0.0,0.0
938,7_35,7,35,0.0,0.0,0.8952845284890001,0.44549479575900003,0.0,0.0,0.0,0.0,0.0,0.0
939,7_36,7,36,0.0,0.0,0.895323401835,0.445416665749,0.0,0.0,-0.0125663706144,0.0,0.0,0.0
940,7_37,7,37,0.0,0.0,0.895245648325,0.445572922377,0.0,0.0,0.0,0.0,0.0,0.0
941,7_38,7,38,0.0,0.0,0.8952845284890001,0.44549479575900003,0.0,0.0,0.015533430342700001,0.0,0.0,0.0
942,7_39,7,39,0.0,0.0,0.895362268362,0.445338532347,0.0,0.0,0.0125663706144,0.0,0.0,0.0
943,7_40,7,40,0.0,0.0,0.895323401835,0.445416665749,0.0,0.0,0.0,0.0,0.0,0.0
944,7_41,7,41,0.0,0.0,0.895323401835,0.445416665749,0.0,0.0,0.0,0.0,0.0,0.0
945,7_42,7,42,0.0,0.0,0.895323401835,0.445416665749,0.0,0.0,0.00942477796077,0.0,0.0,0.0
946,7_43,7,43,0.0,0.0,0.895401128071,0.445260395554,0.0,0.0,0.0,0.0,0.0,0.0
947,7_44,7,44,0.0,0.0,0.895401128071,0.445260395554,0.0,0.0,0.0,0.0,0.0,0.0
948,7_45,7,45,0.0,0.0,0.895401128071,0.445260395554,0.0,0.0,0.0,0.0,0.0,0.0
949,7_46,7,46,0.0,0.0,0.895401128071,0.445260395554,0.0,0.0,0.0,0.0,0.0,0.0
950,7_47,7,47,0.0,0.0,0.895401128071,0.445260395554,0.0,0.0,0.0,0.0,0.0,0.0
951,7_48,7,48,0.0,0.0,0.895401128071,0.445260395554,0.0,0.0,0.0,0.0,0.0,0.0
952,7_49,7,49,0.0,0.0,0.895401128071,0.445260395554,0.0,0.0,0.0,0.0,0.0,0.0
953,7_50,7,50,0.0,0.0,0.895401128071,0.445260395554,0.0,0.0,0.0,0.0,0.0,0.0
954,7_51,7,51,0.0,0.0,0.895401128071,0.445260395554,0.0,0.0,0.0,0.0,0.0,0.0
955,7_52,7,52,0.0,0.0,0.895401128071,0.445260395554,0.0,0.0,0.0,0.0,0.0,0.0
956,7_53,7,53,0.0,0.0,0.895401128071,0.445260395554,0.0,0.0,0.0,0.0,0.0,0.0
957,7_54,7,54,0.0,0.0,0.895401128071,0.445260395554,0.0,0.0,0.0,0.0,0.0,0.0
958,7_55,7,55,0.0,0.0,0.895401128071,0.445260395554,0.0,0.0,0.0,0.0,0.0,0.0
959,7_56,7,56,0.0,0.0,0.895401128071,0.445260395554,0.0,0.0,0.0,0.0,0.0,0.0
960,7_57,7,57,0.0,0.0,0.895401128071,0.445260395554,0.0,0.0,0.0,0.0,0.0,0.0
961,7_58,7,58,0.0,0.0,0.895401128071,0.445260395554,0.0,0.0,0.0,0.0,0.0,0.0
962,7_59,7,59,0.0,0.0,0.895401128071,0.445260395554,0.0,0.0,0.0,0.0,0.0,0.0
963,7_60,7,60,0.0,0.0,0.895401128071,0.445260395554,0.0,0.0,0.0,0.0,0.0,0.0
964,7_61,7,61,0.0,0.0,0.895401128071,0.445260395554,0.0,0.0,0.0,0.0,0.0,0.0
965,7_62,7,62,0.0,0.0,0.895401128071,0.445260395554,0.0,0.0,0.0,0.0,0.0,0.0
966,7_63,7,63,0.0,0.0,0.895401128071,0.445260395554,0.0,0.0,0.0,0.0,0.0,0.0
967,7_64,7,64,0.0,0.0,0.895401128071,0.445260395554,0.0,0.0,0.0,0.0,0.0,0.0
968,7_65,7,65,0.0,0.0,0.895401128071,0.445260395554,0.0,0.0,0.0,0.0,0.0,0.0
969,7_66,7,66,0.0,0.0,0.895401128071,0.445260395554,0.0,0.0,0.0,0.0,0.0,0.0
970,7_67,7,67,0.0,0.0,0.895401128071,0.445260395554,0.0,0.0,0.0,0.0,0.0,0.0
971,7_68,7,68,0.0,0.0,0.895401128071,0.445260395554,0.0,0.0,0.0,0.0,0.0,0.0
